2,Troll 2
3,The Royal Tenenbaums
5,The Life Aquatic with Steve Zissou
6,Rushmore
7,Bottle Rocket
8,The Darjeeling Limited
9,Little Miss Sunshine
10,Fantastic Mr. Fox
11,The Graduate
12,Ghost World
13,Four Lions
15,Win Win
16,Dan in Real Life
17,The Kids Are All Right
18,Cloudy With a Chance of Meatballs
19,Wallace & Gromit: The Curse of the Were-Rabbit
20,James and the Giant Peach
21,Chicken Run
22,Rango
23,Risky Business
24,An Education
25,American Beauty
26,Orange County
27,American Splendor
28,Juno
29,Clerks
30,Napoleon Dynamite
31,Hot Fuzz
32,In the Loop
33,Restrepo
34,The Station Agent
35,Rocket Science
36,Barney's Version
37,Cold Souls
38,World's Greatest Dad
117,Mostly Martha (Bella Martha)
118,The Lake House
129,Revolutionary Road
130,The Last Station
39,Life as We Know It
40,The Family Stone
41,Brokeback Mountain
42,Sideways
43,Two Weeks
44,A Single Man
45,Surf's Up
46,Winnie the Pooh
47,How to Train Your Dragon
48,Charlie and the Chocolate Factory
49,Wallace and Gromit: A Close Shave
50,Wallace and Gromit in the Wrong Trousers
51,A Grand Day Out With Wallace and Gromit
52,Matilda
53,Tim Burton's Corpse Bride
54,The Nightmare Before Christmas
55,Coraline
56,Flushed Away
58,Finding Nemo
59,Hoodwinked Too! Hood vs Evil
60,Up
61,Ratatouille
62,Rio
63,A Good Old Fashioned Orgy
64,The Girl Next Door
65,Mission: Impossible
66,Submarine
119,Meet the Parents
120,Rumor Has It
121,Because I Said So
122,Beautiful Thing
123,Milk
124,Boys Don't Cry
125,Bear Cub (Cachorro)
126,Bottle Shock
127,Broken Flowers
499,Twelve Monkeys (12 Monkeys)
67,Toast
68,Oranges And Sunshine
69,Never Let Me Go
70,A Serious Man
71,The Beaver
72,Welcome to the Rileys
73,Blue Valentine
74,Road Trip
75,The Life of Reilly
76,Adaptation
77,Knocked Up
78,Terri
79,Clerks II
80,Jay and Silent Bob Strike Back
81,Dogma
83,Chasing Amy
84,The Benchwarmers
85,Blades of Glory
86,Hot Rod
87,Superbad
88,Lars and the Real Girl
89,Shaun of the Dead
90,The Other Guys
91,Bad Boys II
617,The Thin Red Line
92,Paul
93,Withnail and I
94,The Madness of King George
96,Dr. Strangelove Or How I Learned to Stop Worrying and Love the Bomb
97,Full Metal Jacket
98,Jarhead
99,Armadillo
100,Taxi to the Dark Side
101,The Visitor
102,Wendy and Lucy
103,Goodbye Solo
104,The Straight Story
105,Meet Monica Velour
106,Beware the Gonzo
107,Good Will Hunting
108,Kramer vs. Kramer
109,Wag the Dog
110,Cyrus
111,Everything Must Go
113,Me and You and Everyone We Know
114,No Reservations
115,Raising Helen
116,A Little Help
128,My Sister's Keeper
618,Born on the Fourth of July
619,"Good Morning, Vietnam"
131,The King's Speech
132,Breakfast at Tiffany's
133,Happy Feet
134,Happy Feet Two
135,Ice Age
136,The Tigger Movie
137,Piglet's Big Movie
138,Pooh's Heffalump Movie
139,The Princess and the Frog
140,Shrek
141,The Iron Giant
142,Bolt
143,"Monsters, Inc."
144,Willy Wonka and the Chocolate Factory
145,Alice in Wonderland
146,The Imaginarium of Doctor Parnassus
147,Nanny McPhee
148,Madeline
149,Harry Potter and the Sorcerer's Stone
150,Miracle on 34th Street
151,Edward Scissorhands
152,Sweeney Todd: The Demon Barber of Fleet Street
153,Beetlejuice
154,Alice in Wonderland
155,Mary and Max
156,Open Season
157,Stuart Little
158,Shrek 2
159,The Incredibles
160,Madagascar
161,Mr. & Mrs. Smith
162,Hoodwinked
163,Happily N'ever After
164,Shrek Forever After
182,Chalet Girl
249,The Hangover
250,Wayne's World
251,Punch-Drunk Love
252,Dummy
253,Junebug
165,Despicable Me
166,Toy Story 3
167,WALL-E
168,Cars
169,Tangled
170,Toy Story 2
171,A Bug's Life
172,Toy Story
173,Cars 2
174,Kung Fu Panda 2
175,Alpha and Omega
176,Kung Fu Panda
177,National Lampoon's Animal House
178,Old School
179,Horrible Bosses
180,Bad Teacher
181,Not Another Teen Movie
254,Mannequin
255,Zombieland
455,Casino Royale
579,ZMD: Zombies of Mass Destruction
183,Take Me Home Tonight
184,American Pie 2
185,Mission: Impossible III
186,Mission: Impossible 2
187,Mission: Impossible Ghost Protocol
188,The Bourne Identity
189,The Bourne Ultimatum
191,Quadrophenia
192,Nowhere Boy
193,Made in Dagenham
194,Bend It Like Beckham
195,Amazing Grace
196,Slumdog Millionaire
197,Dust
198,The Damned United
199,Atonement
200,The Island
201,Cracks
202,Tanner Hall
334,The Times of Harvey Milk
335,Bobby
336,Malcolm X
620,Saving Private Ryan
203,3 Backyards
204,Husbands and Wives
205,Election
206,The Fisher King
207,It's Kind of a Funny Story
208,The Ice Storm
209,Fish Tank
210,X: Night of Vengeance
211,Dinner with Friends
212,"sex, lies, and videotape"
213,Before Sunset
214,Eternal Sunshine Of The Spotless Mind
215,Sid & Nancy
216,All Good Things
217,American Pie
218,Eurotrip
219,Without A Paddle
220,Accepted
221,An Unreasonable Man
222,Chris & Don: A Love Story
223,The King of Kong: A Fistful of Quarters
224,Scott Walker: 30 Century Man
225,Being John Malkovich
226,Stranger Than Fiction
227,Lost In Translation
228,The 40 Year Old Virgin
229,Forgetting Sarah Marshall
230,Funny People
231,Bridesmaids
232,Zack and Miri Make a Porno
233,Momma's Man
234,Mallrats
235,An Evening with Kevin Smith
236,Bulworth
237,Love & Sex
238,Wild Hogs
239,Bad News Bears
240,Balls of Fury
241,Talladega Nights: The Ballad of Ricky Bobby
242,Dodgeball - A True Underdog Story
243,Zoolander
244,The Foot Fist Way
245,Nacho Libre
246,Semi-Pro
247,Pineapple Express
248,Super Troopers
256,Scott Pilgrim vs. the World
257,Attack the Block
258,Get Smart
259,Starsky & Hutch
260,30 Minutes or Less
261,MacGruber
262,Bad Boys
263,Rush Hour 2
264,Get Rich or Die Tryin'
265,Bad Boys
266,Your Highness
267,Fear and Loathing in Las Vegas
268,"The Russians Are Coming, the Russians Are Coming"
269,1941
271,A Clockwork Orange
272,Apocalypse Now
273,Platoon
274,Hamburger Hill
275,The Hurt Locker
276,Three Kings
277,Green Street Hooligans
278,Severe Clear
279,The War Tapes
280,The Trials of Henry Kissinger
281,Standard Operating Procedure
282,Iraq in Fragments
283,Crossing the Line
284,Rachel Getting Married
337,And the Band Played On
338,XXY
339,The Brandon Teena Story
580,Dawn of the Dead
621,Black Hawk Down
622,The Kingdom
285,Cold Weather
286,Meek's Cutoff
287,Get Low
288,The Virginity Hit
290,Star 80
291,Boogie Nights
292,The Trotsky
293,Dirty Girl
294,Assassination of a High School President
295,Flirting
296,Dead Poets Society
297,A Beautiful Mind
298,Finding Forrester
299,Remember Me
300,21
301,The Pursuit of Happyness
302,Thank You For Smoking
303,About a Boy
304,True Adolescents
305,Slums of Beverly Hills
306,Henry Poole Is Here
307,Greenberg
623,Green Zone
308,Please Give
309,The Squid and the Whale
310,The Science of Sleep
311,While You Were Sleeping
312,Uptown Girls
313,The Break-Up
314,How to Lose a Guy in 10 Days
315,Peep World
316,Compromising Positions
317,A Film Unfinished
318,Just Like Heaven
319,You've Got Mail
320,Serendipity
321,P.S. I Love You
322,Premonition
323,Meet The Fockers
324,Wedding Crashers
325,Guess Who
326,Monster-in-Law
327,Little Fockers
328,Friends With Money
329,The Devil Wears Prada
330,The Holiday
331,Georgia Rule
333,Get Real
332,Notebook
340,Monster
341,Groundhog Day
342,Somewhere
343,About Schmidt
344,John Q
345,Stepmom
346,Extraordinary Measures
347,My Life Without Me
348,Ordinary People
349,The Last Kiss
350,Up in the Air
352,La Nana (The Maid)
353,Be With Me
354,The White Ribbon (Das weisse Band)
355,The Queen
356,Shakespeare in Love
357,Elizabeth
358,Mrs. Brown
359,My Fair Lady
360,Funny Face
361,Sabrina
362,Hors de Prix (Priceless)
363,Shark Tale
364,Mr. Popper's Penguins
365,Legend of the Guardians: The Owls of Ga'Hoole
366,Ice Age 2: The Meltdown
367,Ice Age: Dawn of the Dinosaurs (Ice Age 3)
368,Mulan
369,Beauty and the Beast
370,Snow White and the Seven Dwarfs
371,The Little Mermaid 3D
372,Shrek the Third
373,E.T. The Extra-Terrestrial
449,American Wedding
610,Where the Buffalo Roam
624,The Men Who Stare at Goats
374,Real Steel
375,Meet the Robinsons
376,Chicken Little
377,Monsters vs. Aliens
378,The Wizard of Oz
379,Mary Poppins
380,Mr. Magorium's Wonder Emporium
381,Alice in Wonderland
382,The Fall
383,Stardust
384,Pan's Labyrinth
385,The Brothers Grimm
386,Lemony Snicket's A Series of Unfortunate Events
387,Penelope
388,The Sound of Music
389,Harry Potter and the Goblet of Fire
390,Harry Potter and the Order of the Phoenix
391,Harry Potter and the Chamber of Secrets
392,Harry Potter and the Deathly Hallows - Part 1
393,Harry Potter and the Deathly Hallows - Part 2
394,Miracle on 34th Street
395,The Polar Express
396,The Elephant Man
397,Sleepy Hollow
399,Burke and Hare
400,The Addams Family
401,Gremlins
404,Robots
405,Over the Hedge
406,Barnyard
407,Stuart Little 2
408,G-Force
409,Charlotte's Web
410,Alvin and the Chipmunks
414,The Wild
415,Madagascar: Escape 2 Africa
416,Wanted
417,The Pacifier
418,Salt
419,Date Night
452,The Bourne Supremacy
453,xXx: State of the Union
454,XXX
456,Marvel's The Avengers
659,Three Idiots
660,Rain Man
420,Killers
422,Bee Movie
423,Gnomeo and Juliet
424,Megamind
425,Short Circuit
426,Kung Fu Panda: Secrets of the Furious Five
427,101 Dalmatians II - Patch's London Adventure
428,Cats & Dogs
429,Racing Stripes
430,The Blues Brothers
431,Fast Times At Ridgemont High
432,Office Space
433,Extract
434,"I Love You, Man"
435,Idiocracy
436,Mr. Woodcock
437,Role Models
438,Date Movie
439,Scary Movie
440,American Pie Presents - Band Camp
441,Stick It
442,Hall Pass
443,Wild Child
444,Tamara Drewe
445,Adventureland
446,Just Friends
447,Hot Tub Time Machine
448,Better Off Dead
457,The Bourne Legacy
458,Shooter
459,Taken
460,Brighton Rock
461,Control
462,I'm Not There
463,The Runaways
464,Me Without You
465,Desert Flower
467,Norma Rae
468,She's the Man
469,Goal! The Dream Begins (Goal!: The Impossible Dream)
470,Gracie
471,Mean Girls
472,Goal II: Living the Dream
473,Facing the Giants
474,Chariots of Fire
475,Salaam Bombay!
476,Water
477,Outsourced
478,Brick Lane
479,Pride and Prejudice
480,The Notebook
481,The English Patient
482,The Duchess
483,Australia
484,Gattaca
485,Equilibrium
486,Minority Report
487,THX 1138
488,Heavenly Creatures
489,Sirens
490,Mona Lisa Smile
491,Skateland
492,Faces
494,Judy Berlin
495,Easy A
496,The Descendants
497,Heathers
731,Guess Who's Coming to Dinner
732,John Tucker Must Die
498,Another Earth
500,Diary of a Wimpy Kid
502,Garden State
503,Charlie Bartlett
504,Donnie Darko
505,Half Nelson
506,Thirteen
507,Precious: Based on the Novel Push by Sapphire
509,Gloria
512,Eyes Wide Shut
513,Monogamy
514,Shame
515,Before Sunrise
516,When Harry Met Sally
517,Last Chance Harvey
518,Melinda and Melinda
519,500 Days of Summer
520,The Truman Show
521,Requiem for a Dream
522,Cruel Intentions
523,In the Valley of Elah
524,Fair Game
525,Blow
527,Harold & Kumar Go to White Castle
528,Rat Race
529,Scary Movie 4
530,Sydney White
531,Enter the Void (Soudain le vide)
569,Due Date
570,Three Men and a Baby (3 Men and a Baby)
571,Wayne's World 2
572,Austin Powers: International Man of Mystery
573,Bill & Ted's Excellent Adventure
574,A Night at the Roxbury
581,Kick-Ass
532,Get Him to the Greek
533,Couples Retreat
534,Grown Ups
535,The Other Woman
536,"You, Me and Dupree"
537,Old Dogs
539,Orgazmo
540,Finding Bliss
542,The Amateurs (The Moguls) (Dirty Movie)
545,The Manchurian Candidate
546,Head of State
547,Man of the Year
550,Maybe Baby
551,Annie Hall
552,City Slickers
553,The Bad News Bears
554,Bad Santa
555,Anchorman - The Legend Of Ron Burgundy
556,Elf
557,Kicking & Screaming
558,The Longest Yard
559,Tropic Thunder
560,Observe and Report
561,School of Rock
562,Tenacious D in: The Pick of Destiny
563,You Don't Mess with the Zohan
564,Beerfest
565,Reno 911!: Miami
566,Paul Blart: Mall Cop
567,Police Academy
568,The Hangover Part II
575,Hard Eight (Sydney)
576,I Heart Huckabees
577,Splash
578,Pretty in Pink
582,Nick and Norah's Infinite Playlist
661,Pi
662,One Flew Over the Cuckoo's Nest
663,Proof
664,Akeelah and the Bee
665,Sweet November
666,Message in a Bottle
667,Twilight
668,Ocean's Eleven
583,Super
584,Super 8
585,Knight & Day
586,The Naked Gun 2 1/2: The Smell of Fear
587,The Dukes of Hazzard
588,Undercover Brother
589,Take the Money and Run
590,Hot Shots!
591,Hot Shots! Part Deux
592,Rush Hour
593,Miami Vice
594,Cop Out
595,Blue Streak
596,Rush Hour 3
597,Shanghai Noon
598,8 Mile
599,Waist Deep
600,Hustle & Flow
601,Four Brothers
602,Spider-Man 3
603,Little Man
604,Black Knight
605,A Knight's Tale
606,Land of the Lost
607,Gonzo: The Life and Work of Hunter S. Thompson
608,Spun
609,Easy Rider
611,The Rum Diary
612,Pulp Fiction
613,American Psycho
614,Taxi Driver
615,V for Vendetta
616,The Deer Hunter
625,The Fighter
626,Syriana
627,The Football Factory
628,Fight Club
629,American History X
630,The Warriors
631,Another Happy Day
632,Margot at the Wedding
633,28 Days
634,Sherrybaby
635,Into Temptation
636,Quiet City
637,Gone Baby Gone
638,Wagon Master
639,Old Joy
640,McCabe & Mrs. Miller
641,Dead Man
642,True Grit
643,Secondhand Lions
644,Grumpy Old Men
645,Catfish
646,Sex Drive
647,Middle Men
648,Magnolia
649,54
779,The Other Boleyn Girl
650,Good Neighbors
653,Killer Joe
654,Mystery Team
655,Brick
656,The History Boys
657,Mr. Holland's Opus
658,School Ties
669,Ocean's Twelve
670,Ocean's Eleven
671,Ocean's Thirteen
672,Hitch
673,The Company Men
674,Seven Pounds
676,I Am Sam
677,Lord of War
678,Erin Brockovich
679,Two For the Money
680,Love and Other Drugs
681,Meet Bill
682,Big Daddy
683,The Family Man
684,The Puffy Chair
685,Humpday
686,The Future
687,No Strings Attached
688,Lovely & Amazing
689,Sunshine Cleaning
690,City Island
691,Amelie
692,Waking Life
693,Love Actually
694,Two Weeks Notice
695,Brothers
696,Material Girls
697,The Nanny Diaries
893,Made of Honor
894,Visioneers
895,Let's Go To Prison
1219,Abel Raises Cain
698,From Prada to Nada
699,Sweet Home Alabama
700,Just Married
701,What Women Want
702,The Dilemma
703,27 Dresses
704,The Ugly Truth
705,Bride Wars
706,Sex and the City
707,As Good As It Gets
708,The House of Yes
709,Wonder Boys
710,Down and Out in Beverly Hills
711,Triumph des Willens (Triumph Of The Will)
712,Harlan - Im Schatten von Jud Suss (Harlan: In the Shadow of Jew Seuss)
713,"The Wonderful, Horrible Life of Leni Riefenstahl"
714,Aimee & Jaguar
715,13 Going on 30
716,Over Her Dead Body
717,Sleepless in Seattle
718,The Shop Around the Corner
719,August Rush
720,A Lot Like Love
721,A Walk to Remember
723,Catch and Release
724,Final Destination
725,Final Destination 2
726,Final Destination 3
727,InSight
728,50 First Dates
729,Pretty Woman
730,Dinner for Schmucks
733,Valentine's Day
734,The Princess Diaries
736,The Princess Diaries 2 - Royal Engagement
737,Notting Hill
738,Bridget Jones's Diary
739,Something's Gotta Give
740,Freaky Friday
741,My Perestroika
804,Rocky
805,Jimmy Neutron - Boy Genius
806,Aliens in the Attic
742,Vidal Sassoon: The Movie
743,The Way
744,Ali
745,GoodFellas
746,Summer Storm (Sommersturm)
747,Tomboy
749,Perfume: The Story of a Murderer
750,Into The Abyss
751,Aileen - Life and Death of a Serial Killer
752,The Silence of the Lambs
753,What About Bob?
754,Bruce Almighty
755,The Virgin Suicides
756,La Dolce Vita
757,The Savages
1044,"It's a Mad, Mad, Mad, Mad World"
1045,Bean
1046,The Cannonball Run
1047,Superhero Movie
1048,The House Bunny
1049,Irreversible
758,The Music Never Stopped
759,The Negotiator
760,Dog Day Afternoon
761,Steel Magnolias
762,Something to Talk About
763,The Romantics
764,The Last Kiss (L'Ultimo bacio)
765,Michael Clayton
807,The Neverending Story
767,Young Adult
768,The Women on the 6th Floor
769,Winter in Wartime
770,A Prophet (Un prophete)
771,Nostalgia for the Light
772,Dogtooth (Kynodontas)
773,Marie Antoinette
774,Anonymous
775,Casanova
776,Tristan & Isolde
777,Moulin Rouge!
778,Elizabeth: The Golden Age
780,The Princess Of Montpensier
781,Gigi
782,Roman Holiday
783,Sabrina
784,Dr. Dolittle
785,Ace Ventura: Pet Detective
786,March of the Penguins
787,Valiant
788,Dinosaur
790,Pocahontas
791,Mulan II
792,Aladdin
793,Cinderella
794,Anastasia
795,Pinocchio
796,Hercules
797,The Little Mermaid II - Return to the Sea
798,The Little Mermaid: Ariel's Beginning
799,Close Encounters of the Third Kind
800,Flight of the Navigator
801,Transformers
802,Transformers: Dark of the Moon
803,RoboCop
808,Meet Me In St. Louis
809,Chitty Chitty Bang Bang
810,Bedknobs and Broomsticks
811,Night at the Museum
812,Jumanji
813,Zathura
814,Mr. Nobody
815,Big Fish
816,The Cell
817,The Fountain
818,The Princess Bride
819,The Golden Compass
820,The Secret Garden
821,Where the Wild Things Are
822,Spirited Away
823,El Orfanato (The Orphanage)
824,The League of Extraordinary Gentlemen
825,Van Helsing
826,The Spiderwick Chronicles
827,Ella Enchanted
828,Enchanted
829,Finding Neverland
830,The King and I
831,Gone With the Wind
832,Mamma Mia!
833,Harry Potter and the Half-Blood Prince
834,The Hunger Games
835,Harry Potter and the Prisoner of Azkaban
836,It's a Wonderful Life
837,A Christmas Story
838,Disney's A Christmas Carol
1051,Time to Leave (Le Temps Qui Reste)
1052,Almost Famous
1053,Rock Star
839,Hugo
840,The Lion King
841,Freaks
842,My Left Foot
844,Sherlock Holmes
845,I Sell the Dead
848,Addams Family Values
849,Hocus Pocus
850,Gremlins 2: The New Batch
851,The Goonies
852,Critters
853,Dr. Seuss' Horton Hears a Who!
854,Planet 51
855,Home on the Range
856,Alvin and the Chipmunks: The Squeakquel
857,Beverly Hills Chihuahua
858,Charlotte's Web
859,Babe
860,Dumbo
861,Garfield - The Movie
863,Scooby-Doo 2 - Monsters Unleashed
864,Garfield: A Tail of Two Kitties
866,Lara Croft - Tomb Raider
867,Desperado
868,The Matrix Reloaded
869,The Game Plan
870,Daddy Day Care
871,Kindergarten Cop
872,Cheaper by the Dozen
873,"Yours, Mine & Ours"
912,Lonesome Jim
913,Roger Dodger
914,Pizza
915,The Proposal
874,The Bounty Hunter
875,True Lies
877,Gulliver's Travels
878,Short Circuit 2
879,Back to the Future
880,*batteries not included
881,101 Dalmatians
882,Cats & Dogs: The Revenge of Kitty Galore
883,Blues Brothers 2000
884,The Great Outdoors
885,Uncle Buck
886,The Breakfast Club
887,Dazed and Confused
888,Ferris Bueller's Day Off
889,Cedar Rapids
890,The Big Lebowski
891,The Promotion
892,Waiting
896,Brother's Justice
897,American Dreamz
898,Scary Movie 3
899,Scary Movie 2
900,Epic Movie
901,Scary Movie 5
902,The Ring
903,Bring It On
905,Step Up
906,There's Something About Mary
907,What a Girl Wants
908,St. Trinian's
909,You Again
910,Manhattan
911,Dangerous Liaisons
916,A Cinderella Story
917,2 Fast 2 Furious
918,S.W.A.T.
919,The Fast and the Furious: Tokyo Drift
920,Captain America: The First Avenger
921,The Chronicles of Riddick
922,Fast Five
923,Quantum of Solace
924,Skyfall
925,Diamonds Are Forever
926,On Her Majesty's Secret Service
927,Iron Man
928,Thor
1054,Did You Hear About the Morgans?
1055,Closer
1056,Free Zone
1057,Anywhere But Here
929,Iron Man 2
930,The Incredible Hulk
931,Unknown
932,Enemy of the State
933,Sniper
934,Man on Fire
935,Traffic
936,Trade
937,Ransom
938,Brighton Rock
939,24 Hour Party People
940,No Direction Home: Bob Dylan
941,Walk the Line
942,Last Days
943,What's Love Got To Do With It?
944,The Doors
946,Rabbit-Proof Fence
947,Funny Girl
948,10 Things I Hate About You
949,Remember the Titans
950,Little Giants
951,Fireproof
952,Friday Night Lights
953,We Are Marshall
954,The Other End of the Line
956,Salaam Namaste
986,Citizen Ruth
987,Ace in the Hole (The Big Carnival)
988,True Romance
989,Jennifer's Body
990,Jawbreaker
959,Jane Eyre
960,The Count of Monte Cristo
961,Last Night
962,Bright Star
963,Titanic
964,Dear John
965,Casablanca
966,The Reader
967,The Painted Veil
968,Cold Mountain
969,Far and Away
1087,Borat: Cultural Learnings of America for Make Benefit Glorious Nation of Kazakhstan
970,Repo Men
971,In Time
972,1984 (Nineteen Eighty-Four)
973,The Matrix Revolutions
974,The Fifth Element
975,Demolition Man
976,Source Code
977,Inception
978,Brazil
979,Blade Runner
980,Logan's Run
981,King Kong
982,Runaway Bride
984,Friends With Benefits
985,Sixteen Candles
991,Sound of My Voice
992,World on a Wire
993,Monsters
994,Children of Men
995,Primer
996,Total Recall
997,How to Eat Fried Worms
998,The Sandlot
999,Diary of a Wimpy Kid 2: Rodrick Rules
1000,The Go-Getter
1001,Elizabethtown
1002,Away We Go
1003,Donnie Darko: The Director's Cut
1004,Mulholland Drive
1088,Club Dread
1089,Grandma's Boy
1090,Jackass - The Movie
1005,Heartless
1006,The United States of Leland
1008,Trust
1010,For Colored Girls
1011,The Grace Card
1012,Harvest
1123,Defendor
1124,Cloverfield
1125,Stand by Me
1126,Charlie's Angels
1013,Mother and Child
1014,Intimacy
1015,Maria Larssons eviga ogonblick (Everlasting Moments) (Maria Larsson's Everlasting Moment)
1016,One Hour Photo
1017,Talk to Her
1018,"Paris, Texas"
1019,Last Tango in Paris
1020,Henry & June
1021,Eat Pray Love
1091,Jackass: Number Two
1222,Boiler Room
1223,Mini's First Time
1022,Larry Crowne
1023,Midnight in Paris
1024,50/50
1025,Pleasantville
1026,The Joneses
1027,EdTV
1028,Trainspotting
1029,Black Swan
1127,The Naked Gun - From the Files of Police Squad!
1030,Twelve
1032,Kaboom
1033,Valmont
1034,The International
1035,Nothing But the Truth
1036,The Constant Gardener
1037,Three Days of the Condor
1038,American Gangster
1039,Harold & Kumar Escape from Guantanamo Bay
1040,"Dude, Where's My Car?"
1041,Half Baked
1042,National Lampoon's Van Wilder (Party Liaison)
1043,Mr. Bean's Holiday
1058,Elektra Luxx
1059,Team America - World Police
1060,BASEketball
1061,The Ghost Writer
1062,Conspiracy Theory
1063,The Manchurian Candidate
1064,Hannah and Her Sisters
1065,You Will Meet a Tall Dark Stranger
1066,Vicky Cristina Barcelona
1068,The Santa Clause
1069,Fred Claus
1070,The Santa Clause 2 - The Mrs. Clause
1071,Arthur Christmas
1128,The Dukes of Hazzard: The Beginning
1129,Charlie's Angels - Full Throttle
1130,First Sunday
1131,Spaceballs
1132,Shanghai Knights
1133,Collateral
1134,Heat
1072,Hop
1073,RV
1074,The Longest Yard
1075,Gridiron Gang
1076,The Waterboy
1077,Airplane!
1078,The A-Team
1079,The Naked Gun 33 1/3: The Final Insult
1080,Three Amigos!
1081,Pirates of the Caribbean: The Curse of the Black Pearl
1082,Rock School
1083,Little Nicky
1084,The Love Guru
1085,"Me, Myself & Irene"
1086,Happy Gilmore
1092,Zookeeper
1093,Police Academy 2 - Their First Assignment
1094,Police Academy 3 - Back in Training
1095,Police Academy 4 - Citizens on Patrol
1096,Police Academy 5 - Assignment Miami Beach
1097,Very Bad Things
1098,Bachelor Party
1099,Anger Management
1100,Tommy Boy
1101,Three Men and a Little Lady
1102,Austin Powers: The Spy Who Shagged Me
1103,So I Married an Axe Murderer
1104,Austin Powers in Goldmember
1105,Bill & Ted's Bogus Journey
1106,Back to the Future Part II
1107,Dumb and Dumber
1108,Step Brothers
1109,Superstar
1110,Aquamarine
1111,Bewitched
1112,Some Kind of Wonderful
1113,Dawn of the Dead
1114,28 Days Later
1115,Land of the Dead
1116,28 Weeks Later...
1117,Night of the Living Dead
1118,Dick Tracy
1119,X-Men: First Class
1120,X-Men
1121,High Fidelity
1122,Griff the Invisible
1135,Brooklyn's Finest
1136,The Spy Next Door
1138,Bulletproof Monk
1139,The Forbidden Kingdom
1141,Stomp the Yard
1142,Set It Off
1143,Running Scared
1144,Never Die Alone
1145,Black Snake Moan
1146,Freedom Writers
1147,Alpha Dog
1148,Boyz n the Hood
1149,We Own the Night
1150,Law Abiding Citizen
1151,A Man Apart
1152,Spider-Man
1153,Spider-Man 2
1154,Fantastic Four
1155,Fantastic Four: Rise of the Silver Surfer
1256,The Bank Job
1257,Swordfish
1258,Click
1259,Wall Street
1260,Glengarry Glen Ross
1156,The Amazing Spider-Man
1157,White Chicks
1158,Big Momma's House 2
1159,Pirates of the Caribbean: At Worlds End
1160,Pirates of the Caribbean: Dead Man's Chest
1161,King Arthur
1162,"Honey, I Shrunk the Kids"
1163,Night at the Museum 2: Battle of the Smithsonian
1164,Magic Trip
1165,A Scanner Darkly
1166,Deliverance
1167,Into the Wild
1170,Breakfast with Hunter
1171,Reservoir Dogs
1172,"Kill Bill, Volume 2"
1173,Jackie Brown
1174,Burn After Reading
1175,The Machinist
1176,Mr. Brooks
1177,The Killer Inside Me
1178,Raging Bull
1179,Mean Streets
1180,Gran Torino
1181,Drive
1182,Leon: The Professional
1183,Watchmen
1184,The Dark Knight
1185,Once Upon a Time in America
1247,The Great Debaters
1248,Searching for Bobby Fischer
1186,The Tree of Life
1187,M*A*S*H
1188,Flags of Our Fathers
1189,We Were Soldiers
1190,Tears of the Sun
1191,Behind Enemy Lines
1192,Body of Lies
1210,Winter's Bone
1211,Unforgiven
1212,True Grit
1213,3:10 to Yuma
1193,Essential Killing
1194,Babel
1195,The Town
1196,Cinderella Man
1197,Hotel Rwanda
1198,The Business
1199,Shutter Island
1200,Romper Stomper
1242,Limitless
1244,Awakenings
1201,Animal Kingdom
1202,Higher Learning
1203,This Is England
1204,Escape from New York
1205,The Lost Boys
1206,Melancholia
1207,Down to the Bone
1208,Mystic River
1209,Changeling
1214,The Outlaw Josey Wales
1215,Hidalgo
1216,Grumpier Old Men
1217,Easier with Practice
1225,Wall Street: Money Never Sleeps
1226,Crash
1227,21 Grams
1228,Disturbia
1229,Quid Pro Quo
1230,Vanishing On 7th Street
1231,"Kiss Kiss, Bang Bang"
1232,Archie's Final Project
1233,The Usual Suspects
1234,The Maltese Falcon
1235,Starter for 10
1240,What's Eating Gilbert Grape
1241,Forrest Gump
1245,Stalag 17
1246,Spellbound
1249,Music of the Heart
1250,Autumn in New York
1251,Nights in Rodanthe
1252,The Twilight Saga: New Moon
1253,The Twilight Saga: Eclipse
1254,Underworld: Evolution
1255,The Italian Job
1262,I Am Legend
1263,Pay It Forward
1264,Reign Over Me
1265,Daddy's Little Girls
1266,My Girl
1267,The Devil's Double
1268,North Country
1269,GasLand
1270,Morning Glory
1271,Reality Bites
1272,Billy Madison
1273,Mr. Deeds
1275,Just Go with It
1276,A Fish Called Wanda
1277,Chocolat
1278,The Hedgehog
1279,What the Bleep Do We Know!?
1280,He's Just Not That Into You
1281,New Year's Eve
1282,Music and Lyrics
1283,The Messenger
1285,Legends of the Fall
1286,Brothers (Brodre)
1287,Things We Lost in the Fire
1288,The Perfect Man
1289,Raise Your Voice
1291,My Family
1292,Clueless
1293,Sense and Sensibility
1294,Maid in Manhattan
1295,Failure to Launch
1296,What Happens in Vegas
1322,The Last Song
1323,One Missed Call
1324,Scream 2
1325,Saw VI
1326,The Final Destination
1297,She's Out of My League
1298,Along Came Polly
1299,Just My Luck
1300,Grease
1301,Yes Man
1302,Swingers
1303,She-Devil
1304,My Best Friend's Wedding
1305,"Definitely, Maybe"
1306,Going the Distance
1307,The Wedding Planner
1308,Something Borrowed
1309,Sex and the City 2
1310,Confessions of a Shopaholic
1311,How Do You Know
1312,Solitary Man
1313,My Week with Marilyn
1314,17 Again
1315,The Ghosts of Girlfriends Past
1316,An Affair to Remember
1317,Vitus
1318,The Soloist
1319,Oliver Twist
1320,Under the Same Moon
1321,How to Deal
1327,Scream 3
1328,The Eye
1329,The Mothman Prophecies
1330,The Wedding Singer
1332,"New York, I Love You"
1333,Ice Princess
1335,The Prince and Me
1336,Bridget Jones - The Edge of Reason
1337,It's Complicated
1338,The Bucket List
1339,Freaky Friday
1340,Children Underground
1341,Life And Debt
1342,The Yes Men
1343,A State of Mind
1344,See What I'm Saying
1345,A Man Named Pearl
1346,Emmanuel's Gift
1347,Third Star
1348,Men At Work
1349,Rocky Balboa
1350,The Wrestler
1351,The Godfather
1352,Casino
1353,Scarface
1354,Pariah
1355,Fat Girl (A ma soeur!)
1356,From Hell
1357,Zodiac
1358,The Black Dahlia
1359,Paradise Lost 3: Purgatory
1360,Paradise Lost 2 - Revelations
1361,Little Dieter Needs to Fly
1362,Hannibal Rising
1363,Hannibal
1364,Red Dragon
1365,Seven (Se7en)
1366,Evan Almighty
1367,The Dreamers
1368,8 1/2
1369,The Big Chill
1370,The Guitar
1371,Smile
1372,Molly
1373,Inside Man
1426,Pocahontas II - Journey to a New World
1427,The Hunchback of Notre Dame
1428,Tarzan
1626,Thunderball
1435,Beauty and the Beast - The Enchanted Christmas
1374,The Ledge
1375,Face/Off
1376,Bus 174 (Onibus 174)
1377,"The Godfather, Part II"
1378,Fried Green Tomatoes
1379,Beaches
1380,Save the Last Dance
1381,Wild Things
1383,In the Land of Women
1384,The Insider
1385,The Firm
1386,Inglourious Basterds
1387,Katyn
1388,Saraband
1390,Cidade de Deus (City of God)
1391,Mesrine: Killer Instinct (L'instinct de mort)
1392,Mesrine: Part 1 (Killer Instinct) and Part 2 (Public Enemy #1)
1393,Read My Lips (Sur mes levres)
1394,Balseros
1396,El Bano del Papa (The Pope's Toilet)
1397,Whisky
1398,Funny Games
1399,Salo (Salo o le 120 giornate di Sodoma)
1400,Battle in Heaven (Batalla en el cielo)
1401,Attenberg
1402,Mozart's Sister
1403,Bram Stoker's Dracula
1404,The Mask of Zorro
1405,Romeo + Juliet
1406,The Phantom of the Opera
1407,Moulin Rouge
1408,Chicago
1409,Across the Universe
1411,The Young Victoria
1413,Quills
1414,The Affair of the Necklace
1415,Once
1416,Dr. Dolittle 2
1418,Doctor Dolittle
1419,Ace Ventura - When Nature Calls
1420,The Mask
1422,Born To Be Wild
1423,African Cats
1424,Deep Blue
1425,The Land Before Time
1429,The Return of Jafar (Aladdin 2)
1430,Cinderella III: A Twist in Time
1431,Anastasia
1432,Fantasia
1433,The Great Mouse Detective
1434,High School Musical
1436,Contact
1437,The Abyss
1438,2001: A Space Odyssey
1439,Explorers
1440,The Last Starfighter
1441,The Last Mimzy
1442,The Transformers - The Movie
1443,Transformers: Revenge of the Fallen
1446,Avatar
1447,Cowboys & Aliens
1448,The Terminator
1449,Robocop 2
1450,Starship Troopers
1451,Rocky II
1452,Rocky IV
1453,Million Dollar Baby
1454,Labyrinth
1455,The Dark Crystal
1456,The Neverending Story II: The Next Chapter
1457,MirrorMask
1458,Singin' in the Rain
1459,Annie
1460,Bridge to Terabithia
1461,"The Chronicles of Narnia: The Lion, The Witch and The Wardrobe"
1462,The Indian in the Cupboard
1463,Mars Needs Moms
1464,The Curious Case of Benjamin Button
1465,The Butterfly Effect
1466,Water for Elephants
1467,Silent Hill
1468,Cube
1469,What Dreams May Come
1470,Robin Hood: Men in Tights
1471,The Chronicles of Narnia: Prince Caspian
1472,Eragon
1473,A Little Princess
1477,Phoebe in Wonderland
1478,Howl's Moving Castle
1479,Princess Mononoke (Mononoke-hime)
1480,Castle in the Sky
1481,Kiki's Delivery Service
1482,Ponyo
1483,The Others
1484,The Sixth Sense
1486,The Devil's Backbone (El Espinazo del diablo)
1487,Hellboy
1489,The Wolfman
1613,Redline
1614,Pitch Black
1490,Jonah Hex
1581,Working Girl
1582,Fargo
1583,"O Brother, Where Art Thou?"
1584,Employee of the Month
1802,Velvet Goldmine
1803,We Don't Live Here Anymore
1804,Who's Afraid of Virginia Woolf?
1805,Women in Trouble
1806,Naked Ambition: An R Rated Look at an X Rated Industry
1491,Solomon Kane
1492,Red Riding Hood
1493,The Hobbit: An Unexpected Journey
1494,Sleeping Beauty
1495,Miss Potter
1496,Peter Pan
1497,Peter Pan
1498,Anna and the King
1499,The King and I
1500,Anna and the King of Siam
1501,A Streetcar Named Desire
1502,Citizen Kane
1503,The Sisterhood of the Traveling Pants
1504,Battle Royale 3D
1505,The Hunger Games: Catching Fire
1506,To Kill A Mockingbird
1507,Scrooge (A Christmas Carol)
1508,National Lampoon's Christmas Vacation
1509,Scrooged
1510,The Muppet Christmas Carol
1512,How the Grinch Stole Christmas
1513,How the Grinch Stole Christmas
1515,The Adventures of Tintin
1516,The Lion King 2 - Simba's Pride
1517,Bambi
1518,The Jungle Book
1519,Eraserhead
1520,Le Scaphandre et le Papillon (The Diving Bell and the Butterfly)
1521,Young Sherlock Holmes
1616,Serenity
1617,Babylon A.D.
1618,Goldfinger
1619,GoldenEye
1620,The Spy Who Loved Me
1514,Oliver Twist
1634,Edge of Darkness
1635,A History of Violence
1874,Ronin
1875,Catch Me If You Can
1876,Training Day
1522,Sherlock Holmes: A Game of Shadows
1525,Casper
1526,The Witches
1527,The First Wives Club
1528,Ghostbusters
1529,Child's Play
1530,Critters 2 - The Main Course
1531,Bride of Chucky
1532,Raiders of the Lost Ark
1533,Alvin and the Chipmunks: Chipwrecked
1534,Hotel for Dogs
1535,High School Musical 3: Senior Year
1537,Babe: Pig in the City
1539,The Adventures of Milo and Otis
1540,DuckTales: The Movie - Treasure of the Lost Lamp
1541,Scooby-Doo
1544,Lara Croft Tomb Raider - The Cradle of Life
1545,National Treasure: Book of Secrets
1546,National Treasure
1547,Once Upon a Time in Mexico
1548,El Mariachi
1549,Machete
1550,The Matrix
1551,The Matrix Revisited
1552,Camp Rock
1553,Daddy Day Camp
1554,Are We There Yet?
1555,Junior
1556,Cheaper by the Dozen 2
1558,"Yours, Mine and Ours"
1559,All About Steve
1560,Serving Sara
1561,Terminator 2: Judgment Day
1562,Die Hard
1563,Live Free or Die Hard
1564,Year One
1566,Gulliver's Travels
1567,Back to the Future Part III
1568,Clockstoppers
1569,102 Dalmatians
1570,The Fox and the Hound
1621,From Russia With Love
1622,Live and Let Die
1623,The Living Daylights
1624,Dr. No
1625,A View to a Kill
1571,Marmaduke
1572,See Spot Run
1573,"Planes, Trains and Automobiles"
1574,Fun With Dick and Jane
1575,Slacker
1576,Taking Woodstock
1577,Outside Providence
1578,Empire Records
1579,Adventures in Babysitting
1580,The Big Kahuna
1585,When in Rome
1586,W.
1587,Disaster Movie
1588,Meet the Spartans
1589,The Ring Two
1590,The Grudge
1591,The Unborn
1592,Dark Water
1593,Shutter
1596,High School Musical 2
1597,Honey
1598,Step Up 2 the Streets
1599,Dirty Dancing
1600,Take the Lead
1601,The Heartbreak Kid
1602,The Chaperone
1603,Barry Munday
1604,HappyThankYouMorePlease
1605,Green Card
1607,The Fast and the Furious
1608,Fast & Furious
1609,Takers
1610,Assault on Precinct 13
1611,16 Blocks
1612,Gone in 60 Seconds (Gone in Sixty Seconds)
1627,X2: X-Men United
1628,Clash of the Titans
1629,The Game
1630,The Fugitive
1631,Flightplan
1632,Eagle Eye
1680,Fahrenheit 451
1877,Bad Lieutenant: Port of Call New Orleans
2003,When a Stranger Calls
2004,Rear Window
2005,Scream
1636,The Next Three Days
1637,Trespass
1638,Phil Ochs: There But For Fortune
1639,Ray
1640,Crazy Heart
1641,Walk Hard: The Dewey Cox Story
1642,Whale Rider
1643,She's All That
1644,Glory Road
1645,Coach Carter
1646,Rudy
1647,The Mighty Ducks
1648,D3: The Mighty Ducks
1649,Varsity Blues
1650,Invincible
1654,Kabhi Alvida Naa Kehna
1656,Dhoom 2 (Dhoom:2)
1657,Charlotte Bronte's Jane Eyre
1658,The Three Musketeers
1660,The Man in the Iron Mask
1661,Unfaithful
1662,About Last Night...
1663,Full Frontal
1664,Titanic
1665,Pearl Harbor
1666,Chinatown
1667,Lawrence of Arabia
1668,Doubt
1669,Elegy
1670,Little Children
1672,Love in the Time of Cholera
1673,The Last of the Mohicans
1674,The Patriot
1675,Surrogates
1676,Repo! The Genetic Opera
1677,Splice
1678,"I, Robot"
1679,I Am Number Four
1681,The Last Airbender
1682,Stargate
1683,Tron Legacy
1684,Judge Dredd
1685,Deja Vu
1686,The Adjustment Bureau
1687,Looper
1772,Blast from the Past
1773,The Majestic
1774,Happy Tears
1775,Drugstore Cowboy
1776,Snatch
1777,Repulsion
1778,All About Eve
1779,Kings of the Evening
1688,The Dark Knight Rises
1689,Memento
1690,Time Bandits
1691,Metropolis
1692,Mad Max 2: The Road Warrior
1693,District 9
1694,The Running Man
1695,King Kong
1696,Godzilla
1697,Mighty Joe Young
1698,The Wedding Date
1700,Say Anything...
1701,Thursday
1702,Natural Born Killers
1703,The Faculty
1705,Teeth
1706,The Craft
1707,Strange Days
1708,The Mist
1709,The Road
1710,Moon
1711,Gwoemul (The Host)
1712,Sunshine
1713,Terminator Salvation
1743,Frankie and Alice
1745,Liam
1962,Amores Perros
1963,Point Break
2055,The Baxter
2056,Monty Python and the Holy Grail
2057,The Man Who Cried
1714,Ramona and Beezus
1715,Holes
1716,Hoot
1717,Unaccompanied Minors
1718,The Little Rascals
1719,Flipped
1721,Harriet the Spy
1722,Judy Moody and the NOT Bummer Summer
1723,Fred: The Movie
1780,Party Monster
1781,Cruel Intentions 2
1817,The Santa Clause 3: The Escape Clause
1818,The Perfect Holiday
1819,Santa Claus - The Movie
1820,Deck the Halls
1821,Four Christmases
1724,Leaves of Grass
1725,Jerry Maguire
1726,Eagle vs. Shark
1727,Everybody's Fine
1728,S. Darko: A Donnie Darko Tale
1729,The Illustrated Man
1730,The Quiet Earth
1731,Blue Velvet
1732,Twin Peaks - Fire Walk with Me
1733,Lost Highway
1734,Inland Empire
1735,The Krays
1736,The Way Back
1737,Hard Candy
1738,Hideaway
1739,Kids
1740,Woman Thou Art Loosed
1741,Waiting to Exhale
1798,The Hot Chick
1799,I Spit on Your Grave (Day of the Woman)
1800,Martyrs
1801,Pirate Radio (The Boat That Rocked)
1747,Like Dandelion Dust
1748,Aberdeen
1749,The Sweet Hereafter
1750,Billy Elliot
1751,Leo
1755,Your Friends & Neighbors
1756,Asylum
1757,Auto Focus
1758,A Walk on the Moon
1759,The Conversation
1760,Notes on a Scandal
1761,The Skin I Live In
1763,All About My Mother
1764,Under the Tuscan Sun
1765,A Room With A View
1766,The Thomas Crown Affair
1767,Ikiru (Doomed) (Living) (To Live)
1768,Charlie Wilson's War
1769,Everyone Says I Love You
1770,Breaking Upwards
1771,Le Million
1782,Heartbeats
1783,The American
1784,Patriot Games
1785,Spy Game
1786,Fay Grim
1787,Conviction
1788,The Last King of Scotland
1789,Tinker Tailor Soldier Spy
1790,White Material
1791,The Departed
1792,Carlito's Way
1793,How High
1794,Friday
1795,Van Wilder: The Rise of Taj (Van Wilder 2)
1796,Johnny English
1797,Legally Blonde
1807,Cat Run
1808,"South Park: Bigger, Longer and Uncut"
1809,Beavis and Butt-Head Do America
1811,Sarah's Key
1812,State of Play
1813,The Pelican Brief
1814,Apollo 18
1815,Match Point
1816,Sweet and Lowdown
1822,College Road Trip
1823,The Replacements
1824,Mean Machine
1825,Airplane 2 - The Sequel
1826,The Expendables
1827,The Losers
1828,Commando
1829,National Lampoon's Vacation
1830,Pirates of the Caribbean: On Stranger Tides
1831,Ali G Indahouse - The Movie
1832,Bruno
1833,Coming to America
1834,The Ringer
1835,Jackass 3-D
1838,Fierce Creatures
1839,Black Sheep
1840,Beverly Hills Ninja
1841,The Time Machine
1842,Kingpin
1843,Practical Magic
1844,Simply Irresistible
1845,Night of the Living Dead
1846,Resident Evil
2058,The Cider House Rules
1847,Stake Land
1848,The Beach
1849,Day of the Dead
1850,Resident Evil: Extinction
1851,Candyman
1879,Dragonball Evolution
1880,The Rundown (Welcome to the Jungle)
1881,"Crouching Tiger, Hidden Dragon"
1882,Jet Li's Fearless (Huo Yuan Jia) (Legend of a Fighter)
1883,You Got Served
1852,Dylan Dog: Dead of Night
1853,The Green Hornet
1854,X-Men Origins - Wolverine
1855,Batman Begins
1856,Grosse Pointe Blank
1857,Special
1858,War of the Worlds
1859,Trollhunter
1860,Lord of the Flies
1861,The Outsiders
1862,DOA: Dead or Alive
1863,Sucker Punch
1864,Josie and the Pussycats
1865,Spy Hard
1866,D.E.B.S.
1867,Next Friday
1868,Friday After Next
1869,Blazing Saddles
1870,The Hitchhiker's Guide to the Galaxy
1871,In Bruges
1873,Panic
1878,The Karate Kid
1884,Drumline
1885,Saw III
1886,Smokin' Aces
1887,The Locusts
1888,Honeydripper
1889,Sin City
1890,Stand and Deliver
1891,Dangerous Minds
1892,Hostage
1893,Menace II Society
1894,Anuvahood
1896,"Blood In, Blood Out (Bound by Honor)"
1897,The Brave One
1898,Machine Gun Preacher
1899,The Punisher
1900,Collateral Damage
1901,Green Lantern
1902,The Fantastic Four
1903,Ghost Rider
1904,X-Men: The Last Stand
1905,Big Momma's House
1906,Norbit
1907,Miss Congeniality
1908,Kingdom of Heaven
1909,The Last Legion
1910,Centurion
1911,Troy
1912,Merlin
1913,"Honey, I Blew Up the Kid"
1914,"Honey, We Shrunk Ourselves"
1915,The Ant Bully
1916,The Borrowers
1917,Bedtime Stories
2059,Don Juan DeMarco
2060,A Very Long Engagement
2001,Biutiful
2002,Arlington Road
1918,Casino Jack And The United States Of Money
1919,Enron: The Smartest Guys in the Room
1920,High Plains Drifter
1921,Eden Lake
1923,127 Hours
1924,The Motorcycle Diaries (Diarios de Motocicleta)
1925,Grizzly Man
1927,Kill Bill: Volume 1
1928,Grindhouse
1929,Hanna
1930,The Long Kiss Goodnight
1931,Black Dynamite
1932,Raising Arizona
1933,The Man Who Wasn't There
1934,The Tailor of Panama
1935,Jacob's Ladder
1936,Secret Window
1937,What Lies Beneath
1939,Lonely Hearts
1941,Road to Perdition
1942,Dirty Harry
1943,Blood Work
1944,Death Proof
1945,Nikita (La Femme Nikita)
1946,The Hit
1947,Hesher
1948,Batman
1949,Batman Returns
1950,The Untouchables
1951,Days of Heaven
1952,The New World
1953,Letters from Iwo Jima
1954,Windtalkers
1955,Rescue Dawn
1956,Blood Diamond
1958,The Recruit
1959,Traitor
1960,"Truth or Consequences, N.M."
1961,Valkyrie
1964,White Irish Drinkers
1965,The Score
1966,Secretariat
1967,Schindler's List
1968,Sexy Beast
1969,Identity
1970,Triangle
1971,"Tomorrow, When the War Began"
1972,Animal Factory
1973,Neds
1974,The Snowtown Murders
1975,Big Trouble in Little China
1976,Escape from L.A.
1977,Mad Max
1978,The Covenant
1979,Fright Night
1980,Buffy the Vampire Slayer
1981,On the Outs
1982,Little Fish
1983,Personal Velocity: Three Portraits
1984,The Crossing Guard
1985,L.A. Confidential
1986,Shotgun Stories
1987,Frozen River
1988,George Washington
1989,Once Were Warriors
1990,The Assassination of Jesse James by the Coward Robert Ford
1991,Once Upon a Time in the West
1992,The Searchers
1993,3:10 to Yuma
1994,Tombstone
1995,The Proposition
1996,"The Good, the Bad and the Ugly (Il Buono, il Brutto, il Cattivo.)"
1997,For a Few Dollars More (Per Qualche Dollaro in Piu)
1998,The Lord of the Rings: The Fellowship of the Ring
1999,The Lord of the Rings: The Return of the King
2000,The Air I Breathe
2061,The Rocker
2062,Ever After: A Cinderella Story
2006,Prom Night
2007,Darkness Falls
2008,The Happening
2009,Phantoms
2010,Get Shorty
2011,The Scenesters
2012,Lucky Number Slevin
2013,Layer Cake
2014,"Lock, Stock and Two Smoking Barrels"
2015,The Big Sleep
2016,Double Indemnity
2017,L'Auberge Espagnole (Pot Luck)(Euro Pudding)(The Spanish Apartment)
2018,Happy-Go-Lucky
2019,"Fond Kiss..., Ae, (Just a Kiss)"
2020,Sixty Six
2021,Benny & Joon
2022,Of Mice and Men
2023,Vanilla Sky
2024,Patch Adams
2025,The Great Escape
2027,Twilight Saga: Breaking Dawn Part 1
2028,Cirque du Freak: The Vampire's Assistant
2029,The Twilight Saga: Breaking Dawn Part 2
2030,Underworld
2031,Blade
2032,Underworld: The Rise of the Lycans
2033,Blade: Trinity
2034,From Paris with Love
2035,Firewall
2036,The Devil's Advocate
2037,The Last Man on Earth
2038,The Day After Tomorrow
2039,Simon Birch
2040,The Ultimate Gift
2041,World Trade Center
2042,Madea's Family Reunion
2043,Diary of a Mad Black Woman
2045,My Girl 2
2046,The Informers
2047,Less Than Zero
2048,Who Killed the Electric Car?
2049,Crude
2050,The 11th Hour
2051,Speechless
2052,Broadcast News
2053,Soapdish
2054,Cactus Flower
2063,Rampart
2064,Lawless Heart
2065,The Greatest
2066,Gardens of Stone
2067,Braveheart
2223,G.I. Joe: The Rise of Cobra
2224,Star Trek
2225,Jurassic Park
2068,The Chronicles of Narnia: The Voyage of the Dawn Treader
2069,The Lizzie McGuire Movie
2071,Jump In!
2072,A Better Life
2073,Emma
2074,Mansfield Park
2075,Shall We Dance
2076,I Love You Beth Cooper
2077,The New Guy
2078,Confessions of a Teenage Drama Queen
2079,Hairspray
2080,Hairspray
2081,Liar Liar
2082,Shallow Hal
2083,Young People Fucking (Y.P.F.)
2084,Jersey Girl
2085,The Rebound
2086,The Switch
2087,Father of the Bride
2088,The Back-up Plan
2089,Miami Rhapsody
2090,The Women
2091,Love Story
2092,Terms of Endearment
2093,The War of the Roses
2094,Dead Man Walking
2095,The Oh in Ohio
2096,Big Bad Love
2097,The Prince and the Showgirl
2099,Charlie St. Cloud
2100,Big
2200,Oceans (Disneynature's Oceans)
2201,Winged Migration (Le Peuple Migrateur)
2101,Leap Year
2102,Resurrecting the Champ
2226,Dances With Wolves
2228,Pandorum
2229,Lifeforce
2230,Terminator 3 - Rise of the Machines
2231,Predator
2232,Dreamcatcher
2233,Starship Troopers 3: Marauder
2103,Circo
2104,Tuck Everlasting
2106,Letters to Juliet
2108,Shutter (They Are Around Us)
2110,Scream 4
2111,I Still Know What You Did Last Summer
2112,Hostel: Part II
2113,Saw 3D
2114,Saw
2115,Saw II
2116,Gin gwai (The Eye)
2118,11-11-11
2119,Signs
2120,Never Been Kissed
2121,Tokyo!
2122,"New York, New York"
2123,Rent
2124,Paris Je T'aime
2127,Chasing Liberty
2129,Living Out Loud
2203,Earth (Disneynature's Earth) (Planet Earth)
2205,The Land Before Time III - The Time of Great Giving
2130,The Big Year
2132,Last Holiday
2133,It's a Boy Girl Thing
2134,Rocky III
2135,"The Godfather, Part III"
2136,A Bronx Tale
2137,Carlito's Way: Rise to Power
2138,The Ninth Gate
2139,The Zodiac
2140,No Country for Old Men
2142,The Girl with the Dragon Tattoo
2143,Hollywoodland
2144,The Prestige
2145,Manhunter
2234,Independence Day
2235,Rocky V
2236,Legend
2237,Willow
2238,Return to Oz
2146,Bereavement
2148,Phenomena (Creepers)
2149,Furry Vengeance
2150,Nine
2151,How to Rob a Bank
2152,A Perfect Murder
2153,Hush
2154,The Rock
2155,Con Air
2156,Replicant
2157,War (Rogue Assassin)
2158,Speed
2160,Turtles Can Fly (Lakposhtha ham parvaz mikonand)
2161,The Strange Case Of Angelica
2162,Thelma & Louise
2163,Boys on the Side
2164,A Thousand Acres
2165,Divine Secrets of the Ya-Ya Sisterhood
2166,Make It Happen
2167,Center Stage
2168,Basic Instinct
2170,"Good Night, And Good Luck"
2171,The Informant!
2172,The Lincoln Lawyer
2173,A Few Good Men
2174,Defiance
2175,The Great Raid
2176,La Haine (Hate)
2209,Aladdin and the King of Thieves
2210,Cinderella II - Dreams Come True
2211,Fantasia 2000
2212,The Many Adventures of Winnie the Pooh
2213,Treasure Planet
2169,Wild Things 2
2177,Elite Squad: The Enemy Within
2178,Cidade dos Homens (City of Men)
2179,Waste Land
2372,Don't Tell Mom the Babysitter's Dead
2373,Blood Simple
2180,Mesrine: Public Enemy #1 (L'ennemi public n1)
2182,Last Train Home
2183,Funny Games
2184,Seraphine
2185,Amadeus
2186,Interview with the Vampire
2187,Dracula
2188,Let Me In
2189,The Legend of Zorro
2190,Robin Hood: Prince of Thieves
2191,The Mark of Zorro
2192,Romeo and Juliet
2193,The Phantom of the Opera
2194,Phantom Of The Opera
2195,Burlesque
2197,The Libertine
2198,The Swell Season
2199,Who Framed Roger Rabbit
2214,The Black Cauldron
2216,2010: The Year We Make Contact
2217,Sanctum
2218,Aliens
2219,Alien
2220,Sphere
2221,Prometheus
2222,G.I. Joe: The Movie
2239,The Artist
2240,An American in Paris
2241,On the Town
2243,Oliver!
2245,Small Soldiers
2246,The Time Traveler's Wife
2247,Jack
2248,Frequency
2250,The Exorcist
2251,Case 39
2252,The Reaping
2254,Cube 2 - Hypercube
2255,The Lovely Bones
2256,City of Angels
2258,Somewhere in Time
2259,Young Frankenstein
2260,History of the World -- Part I
2262,Percy Jackson & the Olympians: The Lightning Thief
2263,Dragonheart
2265,The Tempest
2266,Kaze no tani no Naushika (Nausicaa of the Valley of the Wind) (Warriors of the Wind)
2267,My Neighbor Totoro
2268,Neko no Ongaeshi (The Cat Returns)
2269,Gedo senki (Tales from Earthsea)
2270,The Village
2271,The Skeleton Key
2272,Stir of Echoes
2273,The Uninvited
2274,Let the Right One In
2275,Uncle Boonmee Who Can Recall His Past Lives
2276,We Are What We Are
2277,Hellboy II: The Golden Army (Hellboy 2)
2278,Hulk
2279,An American Werewolf in London
2280,The Wolf Man
2281,Cursed
2282,Teen Wolf
2283,Wild Wild West
2284,Punisher: War Zone
2287,Constantine
2288,Beastly
2289,The Lord of the Rings: The Two Towers
2290,The Lord of the Rings
2291,The Hobbit
2292,Lady and the Tramp
2293,Little Women
2294,Becoming Jane
2295,Down with Love
2296,Nicholas Nickleby
2297,Hook
2299,Rebel Without a Cause
2300,Cat on a Hot Tin Roof
2301,RKO 281: The Battle Over Citizen Kane
2302,The Third Man
2303,The Sisterhood of the Traveling Pants 2
2304,Now and Then
2305,Monte Carlo
2306,Batoru rowaiaru II: Chinkonka (Battle Royale II)
2307,Ninja Assassin
2308,12 Angry Men (Twelve Angry Men)
2309,Mr. Smith Goes to Washington
2310,The Shawshank Redemption
2311,The Green Mile
2312,Vegas Vacation
2313,National Lampoon's European Vacation
2314,Home Alone
2315,Muppet Treasure Island
2316,The Muppet Movie
2317,The Great Muppet Caper
2318,The Muppets Take Manhattan
2319,Rudolph the Red-Nosed Reindeer
2320,Dr. Seuss - The Cat in the Hat
2321,Indiana Jones and the Temple of Doom
2322,The Lion King 1 1/2
2323,Bambi II
2324,The Jungle Book 2
2325,Un Chien Andalou (An Andalusian Dog)
2326,Korkoro
2327,The Keys to the House
2328,The Man Without a Face
2329,RocknRolla
2330,Casper Meets Wendy
2331,Casper - A Spirited Beginning
2332,Ghostbusters 2
2333,Men in Black
2334,Men in Black II
2335,Dead Silence
2336,Child's Play 2
2337,Seed Of Chucky
2338,Child's Play 3
2339,Indiana Jones and the Kingdom of the Crystal Skull
2340,Indiana Jones and the Last Crusade
2341,The Mummy
2342,Romancing the Stone
2343,Homeward Bound - The Incredible Journey
2345,Tinker Bell
2348,A Goofy Movie
2349,Sahara
2350,Season of the Witch
2351,The Da Vinci Code
2352,Angels & Demons
2353,A Fistful of Dollars (Per un Pugno di Dollari)
2354,Planet Terror (Grindhouse Presents: Robert Rodriguez's Planet Terror)
2355,From Dusk Till Dawn
2356,The Parent Trap
2357,Are We Done Yet?
2358,Die Hard 3: With a Vengeance
2359,Die Hard 2
2360,Unstoppable
2361,The Net
2362,Spy Kids
2363,Spy Kids 3-D - Game Over
2364,101 Dalmatians
2365,The Aristocats
2366,The Fox and the Hound 2
2367,Lady and the Tramp II: Scamp's Adventure
2368,Marley & Me
2369,The Shaggy Dog
2370,Can't Hardly Wait
2371,The Sitter
2374,A Simple Plan
2375,Before the Devil Knows You're Dead
2376,The Hudsucker Proxy
2377,Good Luck Chuck
2378,Employee of the Month
2379,The Hitcher
2380,Nixon
2381,Frost/Nixon
2382,Recount
2384,The Messengers
2385,Gothika
2386,White Noise
2387,The Grudge 2
2388,The Omen
2389,Poltergeist
2390,The Omen
2392,Step Up 3-D
2393,Dirty Dancing - Havana Nights
2394,Footloose
2395,Inside Out
2398,Funny Ha Ha
2400,Herbie: Fully Loaded
2401,Death Race
2402,Armored
2403,Heist
2405,Gone in 60 Seconds
2406,Torque
2407,The Descent
2408,The Animatrix
2409,Star Wars: Episode IV - A New Hope
2410,Star Wars: Episode III - Revenge of the Sith 3D
2411,Star Trek - First Contact
2413,2012
2414,The Book of Eli
2415,Tomorrow Never Dies
2416,Die Another Day
2418,The World Is Not Enough
2419,Octopussy
2420,You Only Live Twice
2421,Clash of the Titans
2422,Prince of Persia: The Sands of Time
2423,Immortals
2424,The Box
2425,U.S. Marshals
2426,Red Eye
2427,Panic Room
2428,The Forgotten
2429,Cellular
2587,Julia
2588,The Little Drummer Girl
2435,Payback
2436,Eastern Promises
2484,The Rocky Horror Picture Show
2485,The Fly
2437,A Dangerous Method
2438,In A Better World
2439,Pour elle (Anything for Her)
2440,Presumed Innocent
2441,Trapped
2442,Bob Dylan: Don't Look Back
2443,Pete Seeger: The Power of Song
2444,The Weather Underground
2445,Throw Down Your Heart
2446,Dreamgirls
2447,Selena
2448,Masked And Anonymous
2449,Whatever It Takes
2450,Radio
2451,Love and Basketball
2452,The 5th Quarter
2453,D2: The Mighty Ducks
2456,Om Shanti Om
2458,Fanaa
2465,The Three Musketeers
2589,Cry Freedom
2590,Invictus
2468,The Double Hour
2471,Flyboys
2472,Top Gun
2473,The Two Jakes
2474,The Bridge on the River Kwai
2475,Doctor Zhivago
2476,Spartacus
2477,The Help
2478,Happiness
2479,Apocalypto
2480,The Last Samurai
2481,Gladiator
2482,300
2483,Gamer
2486,Species
2487,Frankenstein
2488,Little Otik
2489,The Blob
2490,Jumper
2491,The Sorcerer's Apprentice
2492,TMNT
2496,TRON
2497,Ghost in the Machine
2498,Next
2499,Dark City
2500,North by Northwest
2501,Man of Steel
2502,Batman: Under the Red Hood
2503,Following
2504,Das Cabinet des Dr. Caligari. (The Cabinet of Dr. Caligari)
2505,Doomsday
2506,Battle: Los Angeles
2507,The Condemned
2508,King Kong
2509,Dragon Wars
2510,Post Grad
2512,Kalifornia
2584,The Bang Bang Club
2513,The Thing
2514,Slither
2516,Deadgirl
2518,The Witches of Eastwick
2519,Hubble 3D
2520,Jaws
2521,Gojira
2522,Godzilla 2000
2523,Waterworld
2525,Because of Winn-Dixie
2526,Home Alone 2: Lost in New York
2527,Snowmen
2528,The Sandlot 2
2529,A Little Romance
2530,The New Adventures of Pippi Longstocking
2531,The Ice Harvest
2532,Welcome to the Dollhouse
2533,Sisters
2534,The Blind Side
2535,Wild At Heart
2537,The Pianist
2538,Alive
2539,Walkabout
2540,Freeway
2542,The Clearing
2544,Putty Hill
2545,Gummo
2546,How Stella Got Her Groove Back
2547,I Can Do Bad All By Myself
2548,I Will Follow
2543,Devil's Pond
2549,The Imperialists Are Still Alive!
2550,In the Bedroom
2551,Rabbit Hole
2552,Affliction
2553,The Emperor's New Clothes
2554,The Full Monty
2555,The Roommate
2556,Blow Out
2557,The Talented Mr. Ripley
2558,Eyes Without a Face
2559,Te doy mis ojos (Take My Eyes)
2560,The Limits of Control
2561,Huhwihaji Anha (No Regret)
2563,Volver
2564,Mujeres al Borde de un Ataque de Nervios (Women on the Verge of a Nervous Breakdown)
2565,Must Love Dogs
2566,A Good Year
2567,Every Day
2568,Kate & Leopold
2569,Encino Man
2570,Our Idiot Brother
2571,The Boondock Saints
2572,Psycho
2573,Persona
2574,Don't Bother to Knock
2575,Sunset Boulevard
2576,What Ever Happened to Baby Jane?
2577,Jules and Jim
2578,The Living End
2579,Hitman
2580,Munich
2581,The Hunt for Red October
2582,Double Jeopardy
2583,Murder in the First
2585,The Spy Who Came in from the Cold
2586,L'Armee des ombres (Army in the Shadows)
2591,Touki Bouki (Journey of the Hyena)
2592,Kill the Irishman
2593,Donnie Brasco
2594,Up in Smoke
2596,All About the Benjamins
2597,The Wash
2598,Agent Cody Banks
2599,"Legally Blonde 2 - Red, White & Blonde"
2600,Deuce Bigalow: European Gigolo
2601,I Spit On Your Grave
2602,Freeze Me
2603,Mother's Day
2604,Blood Sucking Freaks (Bloodsucking Freaks)
2605,Pump up the Volume
2606,Rock 'n' Roll High School
2607,Breakfast on Pluto
2608,Hedwig and the Angry Inch
2609,Carnage
2610,Shoot the Moon
2611,Look Back in Anger
2612,"Faster, Pussycat! Kill! Kill!"
2613,Cleopatra Jones
2614,The Simpsons Movie
2615,Aqua Teen Hunger Force Colon Movie Film for Theatres
2616,Futurama: Bender's Big Score
2619,The Boy in the Striped Pajamas (The Boy in the Striped Pyjamas)
2620,Fighter
2621,The Interpreter
2622,A Time to Kill
2624,Fire in the Sky
2625,Capricorn One
2627,Cassandra's Dream
2628,Christmas with the Kranks
2629,This Christmas
2630,Jingle All the Way
2631,Surviving Christmas
2632,Rambo (Rambo IV)
2633,Killer Elite
2757,The Eagle
2836,Rio Bravo
2634,Red
2635,Yellowbeard
2637,Trading Places
2641,Joe Dirt
2642,Almost Heroes
2643,Sister Act 2: Back in the Habit
2644,Sister Act
2645,The Time Machine
2646,Hope Floats
2647,The Evil Dead
2648,Resident Evil - Apocalypse
2649,Doom
2650,Daybreakers
2652,Ever Since the World Ended
2654,The Mosquito Coast
2655,A Perfect Getaway
2656,Turistas (Paradise Lost)
2657,A Nightmare on Elm Street
2658,Candyman 2 - Farewell to the Flesh
2659,Hellraiser
2660,Candyman 3: Day of the Dead
2661,Bruiser
2662,The Darwin Awards
2665,The Matador
2666,"War, Inc."
2667,The War of the Worlds
2668,Rare Exports: A Christmas Tale
2669,The Blair Witch Project
2670,Dead Snow (Dod sno)
2671,[Rec]
2672,Rumble Fish
2673,That Was Then... This Is Now
2674,Mortal Kombat
2675,Azumi
2676,Heavy Metal
2677,Bitch Slap
2678,The Ward
2679,But I'm A Cheerleader
2680,Better Than Chocolate
2681,Soul Plane
2682,The Players Club
2683,The Producers
2684,Galaxy Quest
2685,Monty Python's The Meaning of Life
2686,Mars Attacks!
2793,Falling Angels
2794,The Poker House
2795,The Ref
2796,Badlands
2636,The Onion Movie
2687,Men in Black III
2688,London Boulevard
2689,Confessions of a Dangerous Mind
2694,Casino Jack
2695,Street Kings
2696,Narc
2697,Rush
2698,Never Back Down
2699,The Karate Kid
2700,Sidekicks
2702,"The Karate Kid, Part III"
2703,Street Fighter: The Legend of Chun-Li
2705,Shaolin Soccer
2706,Walking Tall
2707,The Scorpion King
2708,Evolution
2709,House of Flying Daggers
2710,Hero
2711,Memoirs of a Geisha
2712,Curse of the Golden Flower
2713,Ip Man
2714,Fong Sai Yuk (The Legend)
2715,ATL
2716,Feel the Noise
2717,Saw IV
2718,Saw V
2720,The Transporter
2721,Shoot 'Em Up
2722,Crank
2724,Aarakshan
2797,There Will Be Blood
2798,Sands of Iwo Jima
2837,The Man Who Shot Liberty Valance
2838,Wyatt Earp
2839,Gunfight at the O.K. Corral
2843,The Wild Bunch
3314,Freddy vs. Jason
2725,Waiting for Superman
2726,The Marine
2727,Don't Be a Menace to South Central While Drinking Your Juice in The Hood
2728,Dead Presidents
2730,Kickin' It Old Skool
2733,Juice
2734,Oldboy
2735,Deuces Wild
2736,Falling Down
2737,Dead Man's Shoes
2738,Beyond the Gates
2739,There Be Dragons
2740,Warrior
2741,Max Payne
2742,The Punisher
2743,Spawn
2744,Superman Returns
2745,Green Lantern: First Flight
2746,Hancock
2747,Daredevil
2748,Mrs. Doubtfire
2749,Tyler Perry's Madea's Big Happy Family
2750,The Nutty Professor
2751,Nutty Professor II - The Klumps
2752,Jack and Jill
2753,Miss Congeniality 2 - Armed and Fabulous
2754,Robin Hood
2755,Agora
2756,Alexander
2844,The Death of Mr. Lazarescu (Moartea domnului Lazarescu)
2845,Live Flesh (Carne tremula)
2758,Black Death
2759,Valhalla Rising
2761,Quest For Camelot
2762,Antz
2763,Inkheart
2764,Pale Rider
2765,Cast Away
2766,Buried
2767,Frozen
2768,Man on Wire
2769,Cave of Forgotten Dreams
2772,Old Yeller
2773,Point of No Return (The Assassin)
2774,Shaft
2775,Foxy Brown
2776,Action Jackson
2778,Stay
2779,The Number 23
2780,Hide and Seek
2781,1408
2782,Misery
2784,Lady in the Water
2785,Gangs of New York
2786,Magnum Force
2787,Sudden Impact
2788,Hobo With a Shotgun
2789,Colombiana
2790,The Lady
2791,Sling Blade
2792,Manic
2901,Seven Days In Utopia
2902,El Carro
2799,Hereafter
2800,Empire of the Sun
2801,To End All Wars
2802,Johnny Mad Dog
2803,Flawless
2804,Henry's Crime
2806,Max Manus: Man of War
2807,Boy A
2808,Save Me
2809,The Boondock Saints II: All Saints Day
2810,Stone
2811,The Lookout
2813,Seabiscuit
2814,Dreamer: Inspired by a True Story
2815,Life Is Beautiful (La Vita e bella)
2816,Downfall (Der Untergang)
2817,Vacancy
2818,Red Dawn
2819,Toy Soldiers
2820,The Guardian
2821,Strictly Sinatra
2823,Paranoid Park
2824,Elephant
2825,Bullhead
2826,Michael
2827,The Adventures of Buckaroo Banzai Across the 8th Dimension
2828,The Jewel of the Nile
2829,The Thing
2830,Blood and Chocolate
2831,Backdraft
2832,Bastard out of Carolina
2833,Butch Cassidy and the Sundance Kid
2834,I Shot Jesse James
2835,Public Enemies
2840,The Quick and the Dead
2841,Silverado
2842,The Three Burials of Melquiades Estrada
2846,Even the Rain (Meme La Pluie)
2847,When a Stranger Calls
2848,Vertigo
2849,Dial M for Murder
2850,Civic Duty
2851,The Man Who Knew Too Much
2852,I Know What You Did Last Summer
2853,Prom Night
2854,A Nightmare on Elm Street 2 - Freddy's Revenge
2855,Boogeyman
2857,Be Cool
2858,Touch of Evil
2859,Russian Dolls (Les Poupees Russes)
2860,Another Year
2861,The Other Sister
2862,Of Mice and Men
2863,Open Your Eyes (Abre los ojos) (Permanent Midnight)
2864,Papillon
2865,Blade II
2866,Vampires
2867,The Truth About Charlie
2870,Devil
2871,The Omega Man
2873,Ladder 49
2874,United 93
2875,Air Force One
2879,An Inconvenient Truth
2880,Carbon Nation
2881,Monty Python's Life of Brian
2882,Monty Python's And Now for Something Completely Different
2884,Cop Land
2885,The Seeker: The Dark Is Rising
2886,New York Minute
2887,El Norte
2888,La MISSION
2889,Youth in Revolt
2891,Cry-Baby
2892,Girls Just Want to Have Fun
2893,The Invention of Lying
2895,Cashback
2897,Nine Months
2898,Father of the Bride Part II
2899,License to Wed
2900,Ghost
2906,Wretches & Jabberers
2907,My Soul to Take
2908,I'll Always Know What You Did Last Summer
2909,Texas Chainsaw Massacre: The Beginning
2910,Hostel
2911,The Texas Chainsaw Massacre
2912,House of Wax
2913,Strangers with Candy
2914,2 Days in Paris
2915,The Cutting Edge
2916,First Daughter
2917,Sex and Lucia (Lucia y el sexo)
2919,Abel
2921,Bringing Down The House
2922,Beauty Shop
2923,Prom
2924,Faster
2925,Miller's Crossing
2926,The Girl with the Dragon Tattoo
2927,The Girl Who Played with Fire (Flickan som lekte med elden)
2928,Insomnia
2929,The Girl Who Kicked the Hornet's Nest
2930,The Illusionist
2931,Lord of Illusions
2932,The Illusionist (L'illusionniste)
2934,Under Suspicion
3017,Crossroads
3018,Bicentennial Man
2936,Yogi Bear
2937,Stardust Memories
2938,The Producers
2939,Passenger 57
2940,The One
2941,Speed 2 - Cruise Control
2942,Eccentricities of a Blonde-haired Girl (Singularidades de uma Rapariga Loura)
2943,A Talking Picture (Um Filme Falado)
2944,Eat Drink Man Woman (Yin shi nan nu)
2945,Port of Shadows (Le Quai des Brumes)
2946,Chloe
2947,Basic Instinct 2
2987,Looney Tunes: Back in Action
2988,The Cove
2989,Titan A.E.
2990,Sinbad - Legend of the Seven Seas
2948,Love Crime
2949,The Ides of March
2950,All the President's Men
2951,Quiz Show
2952,Flash of Genius
2954,Primal Fear
2955,The Rainmaker
2956,The Gingerbread Man
2957,Rules of Engagement
2958,Enemy at the Gates
2959,Train de Vie (Train of Life)
2960,Tropa de Elite (The Elite Squad)
2961,Ghosts of Cite Soleil
2962,The Veteran
2963,Marwencol
3019,The Exorcism of Emily Rose
3020,Antichrist
2964,The Woodmans
2965,Favela Rising
2966,Gainsbourg: A Heroic Life
2967,Bronson
2968,Der Baader Meinhof Komplex (The Baader Meinhof Complex)
2969,Sheitan (Satan)
2970,Only When I Dance (Vida Ballet)
2971,24 City (Er shi si cheng ji)
2973,Immortal Beloved
2974,Barry Lyndon
2975,Queen of the Damned
2977,Shadow of the Vampire
2979,Puss in Boots
2981,First Knight
2982,Coyote Ugly
2983,Showgirls
2984,Space Jam
2985,The Adventures of Rocky & Bullwinkle
2986,Cool World
2991,The Road to El Dorado
2992,The Core
2993,The Cave
2994,Predators
2995,Alien3
2996,Event Horizon
2997,Star Trek III - The Search for Spock
2998,Star Trek II - The Wrath of Khan
2999,The Lost World - Jurassic Park
3000,Jurassic Park III
3001,Age of the Dragons
3002,Supernova
3003,Ghosts of Mars
3004,Forbidden Planet
3005,Aliens vs. Predator: Requiem (AVP 2)
3006,Predator 2
3007,The Invasion
3008,The Arrival
3009,Armageddon
3010,Skyline
3011,Ladyhawke
3012,Dragonslayer
3014,Silent Movie
3015,City Lights
3016,The Jacket
3021,The Last Exorcism
3022,The Rite
3023,Insidious
3024,Orphan
3025,Godsend
3027,Exorcist - The Beginning
3028,Wristcutters - A Love Story
3029,High Anxiety
3032,Dungeons & Dragons
3033,Rough Magic
3034,Whisper of the Heart (Mimi wo sumaseba) (If You Listen Closely)
3036,The Return
3037,The Stepfather
3039,Bakjwi (Thirst)
3040,Feuerherz (Heart of Fire)
3042,Tropical Malady
3043,Cronos
3045,Sin Nombre
3047,Dog Soldiers
3048,The Howling
3049,Ginger Snaps
3050,Ginger Snaps Back - The Beginning
3051,Legion
3052,All Dogs Go To Heaven
3053,Robin Hood
3054,Little Women
3055,Persuasion
3056,I Love You Phillip Morris
3057,East of Eden
3058,Secrets & Lies
3059,Interiors
3060,The Night of the Iguana
3061,Zatoichi (The Blind Swordsman: Zatoichi)
3062,Fulltime Killer
3064,12 Angry Men
3065,Anatomy of a Murder
3066,The Verdict
3067,Escape from Alcatraz
3068,The Last Castle
3069,Mrs. Soffel
3070,The Life of David Gale
3071,Home Alone 3
3072,Baby's Day Out
3073,FernGully - The Last Rainforest
3074,Muppets From Space
3077,Ne le Dis a Personne (Tell No One)
3081,The Monster Squad
3084,Puppet Master
3086,The Mummy: Tomb of the Dragon Emperor
3087,The Mummy Returns
3089,Fool's Gold
3090,Eight Below
3091,Homeward Bound II - Lost in San Francisco
3093,An Extremely Goofy Movie
3095,Beowulf
3096,Mutant Chronicles
3099,Yojimbo
3100,The Parent Trap
3101,It Takes Two
3102,Crank 2: High Voltage
3103,The Taking of Pelham 1 2 3
3104,Duel
3105,The Taking of Pelham One Two Three
3106,Crimson Tide
3107,Spy Kids 2: The Island of Lost Dreams
3187,The Flying Scotsman
3108,Stormbreaker (Alex Rider: Operation Stormbreaker)
3109,The Adventures of Sharkboy and Lavagirl in 3-D
3110,Oliver & Company
3111,Cats Don't Dance
3112,My Dog Skip
3113,Hachi: A Dog's Tale
3114,Beethoven
3115,The Shaggy Dog
3116,Good Boy!
3117,Joe the King
3118,The Hitcher
3120,The Amityville Horror
3121,The House of the Devil
3122,Perfect Stranger
3123,Captivity
3124,Pulse
3125,The Fourth Kind
3126,White Noise 2: The Light
3127,An American Haunting
3128,Black Christmas
3130,Damien: Omen II
3131,The Bad Seed
3132,Paranormal Activity
3133,Dominion - Prequel to the Exorcist
3136,Footloose
3137,Flashdance
3138,Herbie Rides Again
3139,Herbie Goes Bananas
3140,The Love Bug
3141,Death Race 2000
3142,Vanishing Point
3143,Biker Boyz
3144,The Descent 2
3145,The Hills Have Eyes
3146,Akira
3147,Final Fantasy VII - Advent Children
3148,Appurushido (Appleseed)
3149,Star Wars: Episode V - The Empire Strikes Back
3150,Star Wars: Episode VI - Return of the Jedi
3151,Star Wars: Episode II - Attack of the Clones 3D
3152,Star Wars: Episode I - The Phantom Menace
3153,Star Trek - Insurrection
3154,Star Trek - Nemesis
3155,Star Trek VI - The Undiscovered Country
3156,Star Trek Generations
3157,Knowing
3158,Mad Max Beyond Thunderdome
3159,The Postman
3160,Moonraker
3161,The Man with the Golden Gun
3162,Conan the Barbarian
3166,12 in a Box
3167,The Sentinel
3168,The Juror
3169,The River Wild
3170,88 Minutes
3171,The Lives of Others
3172,My Name Was Sabina Spielrein
3177,Incendies
3178,Sweet Sixteen
3180,The Five Heartbeats
3181,Lady Sings the Blues
3182,Glitter
3183,Brown Sugar
3184,Jason's Lyric
3185,Soul Surfer
3186,The Express
3188,Mumbai Diaries
3192,Conan the Barbarian
3193,Vincere
3194,"Good Morning, Night (Buongiorno, Notte)"
3197,Stealth
3199,Ben-Hur
3200,Manderlay
3201,Rosewood
3202,Mysterious Skin
3203,The Passion of the Christ
3204,"10,000 B.C."
3208,Little Shop of Horrors
3209,Shock Treatment
3210,The Room
3211,The Human Centipede (First Sequence)
3212,Push
3213,Chronicle
3214,Teenage Mutant Ninja Turtles: The Movie
3215,Teenage Mutant Ninja Turtles II - The Secret of the Ooze
3216,Teenage Mutant Ninja Turtles III
3218,Innerspace
3220,Paycheck
3221,The Thirteenth Floor
3222,The City of Lost Children (La Cite des Enfants Perdus)
3223,The 39 Steps
3225,Reign of Fire
3226,Forbidden World (Mutant)
3227,Invasion of the Body Snatchers
3228,Whiteout
3229,Dead Alive (Braindead)
3230,Lake Placid
3231,Encounters at the End of the World
3232,Roving Mars
3233,In the Shadow of the Moon
3234,Space Station
3235,Jaws 2
3236,Open Water
3237,Shark Night 3D
3241,Fallen
3242,Jakob the Liar
3243,35 Rhums (35 Shots of Rum)
3244,Chop Shop
3245,Take Out
3249,Winter Passing
3250,The Vicious Kind
3251,America Brown
3252,Saint Ralph
3255,Beautiful Boy
3256,The Hours
3257,Run Fatboy Run
3258,Kinky Boots
3259,Sorority Row
3260,American Psycho II: All American Girl
3262,Student Bodies
3311,AVP - Alien Vs. Predator
3312,Alone in the Dark
3313,A Nightmare on Elm Street 3 - Dream Warriors
3263,The Tourist
3264,Then She Found Me
3265,Dr. T & The Women
3266,Bio-Dome
3267,"Alice, Sweet Alice (Communion)"
3268,Notorious
3269,Assassins
3270,U-571
3271,The Sum of All Fears
3272,5 Days Of War
3273,War Photographer
3274,Miral
3275,The Debt
3276,J. Edgar
3277,Gandhi
3278,Streets of Blood
3280,Serpico
3281,Cheech and Chong's Still Smokin'
3282,Agent Cody Banks 2 - Destination London
3284,Deuce Bigalow: Male Gigolo
3285,The Last House on the Left
3286,The Devil's Rejects
3287,Wrong Turn
3288,The Crying Game
3289,Transamerica
3297,The Grey Zone
3298,Runaway Jury
3299,First Blood (Rambo: First Blood)
3300,Rambo III
3301,Rambo: First Blood Part II
3302,Arthur
3303,Larry the Cable Guy: Health Inspector
3304,The Fighting Temptations
3305,The Color Purple
3306,Broken Bridges
3307,Evil Dead 2
3308,Army of Darkness
3309,The Brood
3310,Demoni (Demons)
3315,A Nightmare on Elm Street
3316,Hellraiser 3: Hell on Earth
3317,Hellbound: Hellraiser 2
3318,Hellraiser - Bloodline
3319,Hellraiser VI - Hellseeker
3320,Hellraiser - Deader
3321,Rubber
3352,13 Assassins
3353,Girl With a Pearl Earring
3382,Elektra
3383,Tootsie
3384,Madea Goes to Jail
3385,The Nutty Professor
3386,Flubber
3432,Flicka
3433,The Horse Whisperer
3434,The Strangers
3322,Paranormal Activity 2
3323,Quarantine
3324,Mortal Kombat: Annihilation
3325,Street Fighter
3326,Double Dragon
3327,Heavy Metal 2000
3328,"Girl, Interrupted"
3329,"To Wong Foo, Thanks for Everything! Julie Newmar"
3330,Roll Bounce
3331,Killer Klowns from Outer Space
3332,Gangster No. 1
3333,Fifty Dead Men Walking
3334,Essex Boys
3335,Duplicity
3336,The Statement
3338,Richard III
3340,Fighting
3341,The Karate Kid Part II
3342,The Next Karate Kid
3345,Kung Fu Hustle
3346,Kung Pow! Enter the Fist
3348,The X-Files - Fight the Future
3377,Klitschko
3378,The Crow
3379,Superman
2651,Edges of Darkness
2653,Autumn
2663,Private Eye
2664,X-Men Origins: Magneto
3349,Legend of the Fist: The Return of Chen Zhen
3350,"The Butcher, The Chef And The Swordsman"
3351,The Warrior's Way
3380,Superman II
3354,Ip Man 2: Legend of the Grandmaster
3357,Dragon: The Bruce Lee Story
3358,Untraceable
3359,Transporter 2
3360,Transporter 3
3361,The Mechanic
3362,Spinning Into Butter
3363,"To Sir, With Love"
3364,The Lottery
3365,American Teen
3366,12 Rounds
3367,Malibu's Most Wanted
3368,Sympathy for Lady Vengeance
3369,Sympathy for Mr. Vengeance (Boksuneun naui geot)
3370,Colors
3371,Empire
3372,Edmond
3373,The Horseman
3374,Hadewijch
3376,Black Narcissus
3387,"Big Mommas: Like Father, Like Son"
3388,Grease 2
3389,The Half Life of Timofey Berezin (PU-239)
3390,O Jerusalem
3391,Warlock
3394,The Prince of Egypt
3395,Arthur and the Invisibles (Arthur and the Minimoys)
3396,The Terminal
3398,Phone Booth
3402,One Day in September
3403,Following Sean
3404,Touching the Void
3405,Project Nim
3406,The Unforeseen
3407,Journey Into Amazing Caves
3408,Sea Monsters: A Prehistoric Adventure
3411,Unbreakable
3412,The Fog
3413,Dolores Claiborne
3415,Mirrors
3416,Angel-A
3418,Evita
3419,Bhutto
3421,Monster's Ball
3422,Giant
3423,The Aviator
3424,Hotaru no haka (Grave of the Fireflies)
3425,City of Ghosts
3426,An Innocent Man
3428,Insomnia
3429,Yella
3430,The Black Stallion
3431,Free Willy
3435,Motel Hell
3436,Road House
3437,The Perfect Storm
3438,Annapolis
3439,2:37
3440,The Thing from Another World
3441,Hounddog
3442,This Boy's Life
3444,The Sting
3445,Bonnie and Clyde
3446,Scarface
3447,White Heat
3448,The Magnificent Seven
3450,El Dorado
3451,Red River
3482,Dr. Bronner's Magic Soapbox
3489,Eddie and the Cruisers
2690,Linewatch
2691,The Way of War
2692,Wrong Turn at Tahoe
2693,End Game
2701,Best of the Best
3452,Blackthorn
3453,Seven Samurai (Shichinin no Samurai)
3454,Tales from the Golden Age
3455,Unconscious
3456,Paradise Now
3457,Of Gods and Men
3459,Black Christmas
3461,Halloween
3462,Friday the 13th
3463,Wise Guys
3464,Tough Guys
3465,Blue in the Face
3466,8 Heads in a Duffel Bag
3467,Life Is Sweet
3469,30 Days of Night
3470,Electric Shadows (Meng ying tong nian)
3471,Ultraviolet
3472,I Saw the Devil
3473,Soylent Green
3474,Apollo 13
3475,Fahrenheit 9/11
95,"Bill Hicks Live: Satirist, Social Critic, Stand Up Comedian"
112,I Do & I Don't
3476,Plastic Planet
3477,The Last Lions
3478,Bowling for Columbine
3481,Sputnik Mania (Sputnik) (The Fever of 57)
3490,Cemetery Junction
3491,Ghost Town
3493,All I Want (Try Seventeen)
3494,Freshman Orientation
3495,Doctor Detroit
3496,The Legend of Bagger Vance
3497,Tin Cup
3498,"Yoo-hoo, Mrs. Goldberg"
3499,F**k the Disabled Please
3500,The Business of Being Born
3502,Chain Letter
3504,The Texas Chainsaw Massacre
3505,House of Wax
3506,Ghost Ship
3507,House on Haunted Hill
3508,Cool Runnings
3509,Barbershop
3510,Hair Show
3512,Breaking Point
3513,Cure
190,Happy Ever Afters
270,By Dawn's Early Light
1218,Talhotblond
289,Stripper Academy
351,Hussy
3514,A Somewhat Gentle Man
3515,Faithless
3516,Death Defying Acts
3517,The Triplets of Belleville
3518,The Great Buck Howard
3521,The Country Bears
3522,Snakes on a Plane
3523,Unleashed (Danny the Dog)
3524,Poetry
3525,Nathalie
3526,Fatal Attraction
3527,Obsessed
3528,Boarding Gate
3529,Disclosure
3530,The Heir Apparent: Largo Winch
3531,La Fille Coupee en Deux (The Girl Cut in Two) (A Girl Cut in Two)
3532,Diabolique
3533,The Raven
3534,The Good Shepherd
3535,Out of Sight
3536,The Good German
3537,The Conspirator
1243,Intellectual Property (Dark Mind)
1261,Jada
2704,Dragon Ball Z: Bojack Unbound
3538,Father of Invention
3539,Fracture
3540,"Rivers and Tides, (Fluss der Zeit)"
3544,F for Fake
3545,Who the $#%@ Is Jackson Pollock
3546,The Cool School
3547,Masculin Feminin
3548,Cleo From 5 to 7 (Cleo de 5 a 7)
14,Hotel Chevalier
57,Wallace & Gromit in Three Amazing Adventures
82,Clerks
450,American Pie 5: The Naked Mile
398,Sweeney Todd: The Demon Barber of Fleet Street
402,Alice in Wonderland
403,Wallace and Gromit in 'A Matter of Loaf and Death'
411,Shrek 4-D (Shrek 3-D)
412,Shrek Goes Fourth
413,Jack-Jack Attack
451,American Pie Presents: Beta House
421,Shrek the Halls
466,Iron Jawed Angels
493,Four Corners of Suburbia
501,Teenage Dirtbag
508,Human Trafficking
510,Lullaby
511,Once Upon a Time in Cuba
526,18 Year Old Virgin
538,Revenge Of The Bridesmaids
541,Hooking Up
543,An Evening with Kevin Smith 2: Evening Harder
544,Sold Out: A Threevening with Kevin Smith
548,Get Well Soon
549,The Truth About Average Guys
651,The Curiosity of Chance
652,Derby (Roller Derby)
675,Pursuit of Happiness
722,If Only
735,Entry Level
748,Hannah and Her Brothers
1050,Fade
766,The Aviary
789,The Legend of Secret Pass
843,The Legend of Sleepy Hollow
846,Burke and Hare
847,Sweeney Todd - The Demon Barber of Fleet Street
862,The Chipmunk Adventure
865,One Man Band
876,Hunchback of Notre Dame
904,Bring It On: All or Nothing
945,"Ladies and Gentlemen, the Fabulous Stains"
955,Kabhi Khushi Kabhie Gham
957,The Ramen Girl
958,Pride and Prejudice
983,16 To Life
1007,"Augusta, Gone"
1009,She's Too Young
1220,All American Orgy (Cummings Farm)
1221,Foreign Exchange
1224,Tenure
1031,Cruel Intentions 3
1067,"Wake Up, Ron Burgundy: The Lost Movie"
1137,Drive
1140,Eminem AKA
1168,"Buy the Ticket, Take the Ride: Hunter S. Thompson on Film"
1169,Blasted!!! The Gonzo Patriots of Hunter S. Thompson
1236,Dil Chahta Hai
1237,Rock On!!
1238,Rab Ne Bana Di Jodi (A Couple Made by God) (A Match Made in Heaven)
1239,Dil Toh Baccha Hai Ji
1274,World's Best Dad
1284,Sand
1290,Cadet Kelly
1331,Bheja Fry
1334,The Prince and Me 2
1382,Intimate Affairs
1389,The Queen and I
1395,Origins of Life
1410,Elizabeth I
1412,The Other Boleyn Girl
1417,Dr. Dolittle 3
1421,Ace Ventura Jr.: Pet Detective
1940,Curse of the Zodiac
1444,Transformers Energon - The Return of Megatron
1445,Transformers Energon: Omega Supreme
1474,The Secret Garden
1475,Back to the Secret Garden
1476,Where the Wild Things Are and Other Maurice Sendak Stories
1485,Ringu 0
1488,Van Helsing: The London Assignment
1511,Mickey's Once Upon A Christmas
1615,Dark Fury - The Chronicles of Riddick
1523,Sherlock Holmes and the Secret Weapon
1524,Addams Family Reunion
1536,Charlotte's Web 2 - Wilbur's Great Adventure
1538,The Little Engine That Could
1542,Garfield As Himself
1543,Garfield Holiday Celebrations
1557,Cheaper By the Dozen
1565,Gulliver's Travels
1594,Bring It On Again
1595,Bring It On: In It to Win It
1606,Another Cinderella Story
1633,Sniper: Reloaded
1651,Kuch Kuch Hota Hai
1652,Main Hoon Na
1653,Veer Zaara (Veer-Zaara)
1655,Hum Tum
1659,The Count of Monte Cristo
1671,The Painted Veil
1699,After Sex
1704,Bad Reputation
1720,The Sandlot 3: Heading Home
1742,The Heart Specialist
1744,A Good Man
1746,Midnight Clear
1752,Nailed
1753,Bloom
1754,The Bad Mother's Handbook
1762,XXL
1810,Family Guy Presents Stewie Griffin: The Untold Story
1836,Don't Try This at Home - The Steve-O Video
1837,Jackass 2.5
2719,Saw (short film)
2723,Sin City: A Dame to Kill For
1872,The Hit List
1895,Sucker Punch
1922,Pig Hunt
1926,Alabama Moon
1938,The Killer Inside Me
1957,Behind Enemy Lines II: Axis of Evil
2026,Twilight
2044,Madea Goes to Jail
2070,The Cheetah Girls
2098,We Remember Marilyn
2202,Le grand blanc de Lambarene
2105,Greta
2107,When a Stranger Calls Back
2109,Chakushin ari final (One Missed Call Final)
2117,The Eye 2 (Gin gwai 2)
2125,Go Figure
2126,The Cutting Edge: Going for the Gold
2128,"No eres tu, soy yo"
2204,Planet Earth: Visions of the Earth from Space - South America
2206,The Land Before Time IX: Journey to Big Water
2207,The Land Before Time VI - The Secret of Saurus Rock
2131,7 Things to Do Before I'm 30
2141,The Zodiac Killer
2147,Trail of a Serial Killer
2159,Last Stop 174 (Ultima Parada 174)
2208,Aladdin
2181,Go Fast
2196,The '60s
2215,High School Musical 4: East Meets West
2227,Avatar 2
2242,Annie
2244,Bridge to Terabithia
2249,Carnivale
2253,Cube Zero
2257,The Five People You Meet in Heaven
2261,"The Lion, the Witch, and the Wardrobe"
2264,Heidi
2285,Journey To Promethea
2286,Beyond Sherwood Forest
2298,Peter Pan
2344,Book of Pooh: Stories from the Heart
2623,The Hunt
2626,The Thing Below (Ghost Rig 2: The Legend of the Sea Ghost)
2638,CKY2K
2639,Landspeed: CKY (CKY: The Original)
2640,Bam Margera Presents: Where the #$&% is Santa?
2346,Thomas & Friends: Misty Island Rescue
2347,Thomas & Friends - Mud Glorious Mud
2383,Will Ferrell: You're Welcome America - A Final Night with George W Bush
2391,The Cheetah Girls 2
2396,Picture This!
2397,Beverly Hills Brats
2399,Princess Protection Program
2404,The Brazilian Job
2412,Battlestar Galactica
2417,The James Bond Story
2430,War Games
2431,D.C. Sniper
2432,Hunt to Kill
2805,Hitler: The Rise of Evil
2812,Champions
2822,Scum
3207,The Tournament
3217,Farscape: The Peacekeeper Wars
2433,Born to Raise Hell
2434,Sniper 2
2454,Dil To Pagal Hai (The Heart Is Crazy)
2455,Dilwale Dulhania Le Jayenge
2457,Mohabbatein
2459,Baghban
2460,Kal Ho Naa Ho
2461,Jab We Met
2462,Dhoom
2463,Don
2464,Salaam-e-Ishq
2466,The Man in the Iron Mask
2467,The Count of Monte-Cristo
2469,Titanic
2470,Titanic
2493,Avatar: The Last Airbender: Book 3
2494,Stargate: Continuum
2495,Stargate: The Ark of Truth
2511,All for Melissa
2515,Killer Condom: The Rubber That Rubs You Out
2517,Kiseichuu: kiraa pusshii (Sexual Parasite: Killer Pussy)
2524,Wizards of Waverly Place The Movie
2536,Beneath the Dark
2541,As Good as Dead
2562,Unconscious
2595,Cheech & Chong's Next Movie
2617,Family Guy - Blue Harvest
2618,Pretty Things
2729,White Boyz In The Hood
2731,Rockaway
2732,Bullet
2760,Helen of Troy
2770,Walking Thunder
2771,How I Got Lost
2777,The Mack
2783,Dead Awake
2856,The Last Godfather
2868,The Contractor
2869,"Team Orion, The Fight For Freedom"
2872,10.5
2876,Flight 93
2877,Meet the Browns
2878,Madea's Class Reunion
2883,John Cleese on How to Irritate People
2890,Hairspray 2
2894,Strictly Sexual
2896,"Cougars, Inc."
2903,Circus Camp
2904,American Carny: True Tales from the Circus Sideshow
2905,Duffy's Irish Circus
2918,D-graduated (Regresados)
2920,Recien cazado
2933,Ed Gein: The Butcher of Plainfield
2935,Children of the Corn
2953,Truands (Crime Insiders)(Paris Lockdown)
2972,In Love We Trust
2976,Vampire Journals
2978,Zorro
2980,Princess of Thieves
3013,Wizard of Oz
3026,Whisper
3030,Chronicling Narnia: The C.S Lewis Story
3031,Dragonheart - A New Beginning
3035,Le Chevalier D'Eon
3038,Solstice
3041,Khon len khong (Art of the Devil)
3044,Backyard (El traspatio)
3046,Hellboy Animated: Blood and Iron
3063,Ninja Cheerleaders
3075,Frosty the Snowman
3076,In Search of Dr. Seuss
3078,Wolves in the Snow
3079,I Come
3080,Buddy
3082,Inhyeongsa (The Doll Master)
3083,Triloquist
3085,The Lost Treasure of the Grand Canyon
3088,The Scorpion King 2: Rise of a Warrior
3092,Strawberry Shortcake Movie: Sky's The Limit
3094,The Librarian: Return to King Solomon's Mines
3097,Heart Of A Dragon
3098,Da Vinci Code Decoded
3119,The Hitcher 2 - I've Been Waiting
3129,Ju-on: The Grudge
3134,Wendy Wu: Homecoming Warrior
3135,The Cheetah Girls: One World
3163,Spartacus
3164,The Second Front
3165,Night Train
3173,Freud: The Secret Passion
3174,Freud
3175,The Secret Diary of Sigmund Freud
3176,Prendimi l'anima (The Soul Keeper)
3179,After the Wedding
3392,Faust: Love of the Damned
3393,Sauna (Filth)
3397,Robinson Crusoe
3189,Thank You
3190,Don
3191,The 4 Musketeers
3195,The Flight of the Innocent (La corsa dell'innocente)
3196,La Ragazza del lago (The Girl by the Lake)
3198,Iron Eagle
3205,The Last Samurai
3206,The 300 Spartans
3219,Westworld
3224,The Invincible Iron Man
3238,Shattered Lives
3239,Sakebi (Retribution)
3240,Irresistible
3246,Madea's Family Reunion
3247,Yesterday
3248,Vernie
3253,Kidulthood
3254,Insidious
3261,Single White Female 2: The Psycho
3279,The Steam Experiment (The Chaos Experiment)
3283,Legally Blondes
3290,The Simpsons: Family Therapy
3291,The Simpsons' Christmas Message
3292,Futurama: Into the Wild Green Yonder
3293,Family Guy Presents: Something Something Something Dark Side
3294,Family Guy Presents: It's a Trap
3295,Robot Chicken: Star Wars
3296,Diary of Anne Frank
3381,Superman
3337,Love at Stake
3339,Street Kings 2: Motor City
3343,Street Fighter II: The Animated Movie
3344,Tekken
3347,Walking Tall 2: The Payback
3355,The Legend Is Born: Ip Man (Yip Man chinchyun)
3356,Bodyguards and Assassins (Shi yue wei cheng)
3375,Vito Bonafacci
3399,Coffin
3400,Dead of Winter
3401,Thirst
3409,23
3410,Stephen King's The Shining (MINI-SERIES)
3414,Prowl
3417,Point of No Return
3420,Some Folks Call It a Sling Blade
3427,Street Thief
3443,Angela
3449,McLintock!
3458,Flores de Otro Mundo
3460,Choose
3468,The Experiment
3479,Blind Spot
3480,400 Years of the Telescope
3483,Monty Python Live at the Hollywood Bowl
3484,Passport To Paris
3485,Our Lips Are Sealed
3486,Holiday in the Sun
3487,Winning London
3488,When in Rome
3492,Adam and Eve
3501,Beyond F.A.T. City
3503,Summer's Blood (Summer's Moon)
3511,King of the Ants
3519,Unthinkable
3520,"Hey There, It's Yogi Bear"
3541,Art City
3542,Breath Made Visible: Anna Halprin
3543,The Loss of Nameless Things
